[
{
  "model": "auth.user",
  "fields": {
    "password": "pbkdf2_sha256$1000000$FBimHtuBjqWGVrYzGZzHEJ$QgoMeTdViwFHe4P/W7jfmOaCn6aesbJo46FI+mA2n9g=",
    "last_login": "2025-07-02T11:07:50.658Z",
    "is_superuser": true,
    "username": "admin",
    "first_name": "",
    "last_name": "",
    "email": "",
    "is_staff": true,
    "is_active": true,
    "date_joined": "2025-06-22T12:31:34.070Z",
    "groups": [],
    "user_permissions": []
  }
},
{
  "model": "auth.user",
  "fields": {
    "password": "pbkdf2_sha256$1000000$zrYfwTvH3CMqAYETCKtp7z$3ipRPK1RBp96vqktB92m3syopmXlIeYOKgJLq3jgymk=",
    "last_login": null,
    "is_superuser": false,
    "username": "player1",
    "first_name": "",
    "last_name": "",
    "email": "",
    "is_staff": false,
    "is_active": true,
    "date_joined": "2025-06-26T09:18:45.643Z",
    "groups": [],
    "user_permissions": []
  }
},
{
  "model": "auth.user",
  "fields": {
    "password": "pbkdf2_sha256$1000000$hXmVC3gsQIbNOUo0VgLIV9$86ybijR0ykoiiIbKg1j0XwooiX5s0qxCGjZsDwRvXa4=",
    "last_login": null,
    "is_superuser": false,
    "username": "player2",
    "first_name": "",
    "last_name": "",
    "email": "",
    "is_staff": false,
    "is_active": true,
    "date_joined": "2025-06-26T09:18:46.229Z",
    "groups": [],
    "user_permissions": []
  }
},
{
  "model": "auth.user",
  "fields": {
    "password": "pbkdf2_sha256$1000000$wOx2VVxbt1MmXR1FNh5B4H$ghamRLS3pHMT3EG3SMz++qO4rr6ry6X557MoOkiAQnw=",
    "last_login": null,
    "is_superuser": false,
    "username": "player3",
    "first_name": "",
    "last_name": "",
    "email": "",
    "is_staff": false,
    "is_active": true,
    "date_joined": "2025-06-26T09:18:46.807Z",
    "groups": [],
    "user_permissions": []
  }
},
{
  "model": "auth.user",
  "fields": {
    "password": "pbkdf2_sha256$1000000$GxAEYE8WOV0k6pm6Gufqv0$DY1WK6iqeoP9Bn7bm/BJ7Sj7GLAFJzHyGl6qCpRGMfk=",
    "last_login": null,
    "is_superuser": false,
    "username": "player4",
    "first_name": "",
    "last_name": "",
    "email": "",
    "is_staff": false,
    "is_active": true,
    "date_joined": "2025-06-26T09:18:47.386Z",
    "groups": [],
    "user_permissions": []
  }
},
{
  "model": "auth.user",
  "fields": {
    "password": "pbkdf2_sha256$1000000$WAiJSFxxMgo9XVVTDyGtzS$W0HH5bUIzD5H8oyfZEYFP4hQklqmx2su+VwLS1z+PRQ=",
    "last_login": null,
    "is_superuser": false,
    "username": "player5",
    "first_name": "",
    "last_name": "",
    "email": "",
    "is_staff": false,
    "is_active": true,
    "date_joined": "2025-06-26T09:18:47.965Z",
    "groups": [],
    "user_permissions": []
  }
},
{
  "model": "auth.user",
  "fields": {
    "password": "pbkdf2_sha256$1000000$qqc7aB92xtEKnbB92iV4PV$ZefAdFZdlWgSejW8jyzN7TA9/n6uJRRykLF7usCeYUQ=",
    "last_login": "2025-07-02T14:55:20.889Z",
    "is_superuser": false,
    "username": "MazzinhoProCycling",
    "first_name": "",
    "last_name": "",
    "email": "pierre_and@hotmail.com",
    "is_staff": false,
    "is_active": true,
    "date_joined": "2025-06-27T16:42:33Z",
    "groups": [],
    "user_permissions": []
  }
},
{
  "model": "auth.user",
  "fields": {
    "password": "pbkdf2_sha256$1000000$QqZKD8yC0K4uKTavXrFfkU$//j6gX5D7/mqeszqK/swOyCCp6/WOhQ1tfcWtjoE4sU=",
    "last_login": "2025-07-02T09:56:32.117Z",
    "is_superuser": false,
    "username": "TeamDeVince",
    "first_name": "",
    "last_name": "",
    "email": "vincentmonet93@gmail.com",
    "is_staff": false,
    "is_active": true,
    "date_joined": "2025-06-27T16:53:21Z",
    "groups": [],
    "user_permissions": []
  }
},
{
  "model": "auth.user",
  "fields": {
    "password": "pbkdf2_sha256$1000000$25ewfIZ8bw2Gau7GzH8oy5$91T0EQBIljTbqM/4HD/enE8jxDztnE1zGFqh7ZPFXnA=",
    "last_login": "2025-07-02T08:28:01.293Z",
    "is_superuser": false,
    "username": "lesfoufous",
    "first_name": "",
    "last_name": "",
    "email": "martin.charrel@gmail.com",
    "is_staff": false,
    "is_active": true,
    "date_joined": "2025-06-28T06:21:13.125Z",
    "groups": [],
    "user_permissions": []
  }
},
{
  "model": "auth.user",
  "fields": {
    "password": "pbkdf2_sha256$1000000$tQDN6q7Fi85NcNCDNnZ8EX$eEEaI1rIRM4wu2DWFaLwvZszTH/3bC7uNdcRRfnZcww=",
    "last_login": "2025-07-02T15:16:45.492Z",
    "is_superuser": false,
    "username": "Fourmimen",
    "first_name": "",
    "last_name": "",
    "email": "thomas.tranier@gmail.com",
    "is_staff": false,
    "is_active": true,
    "date_joined": "2025-06-28T06:27:03.761Z",
    "groups": [],
    "user_permissions": []
  }
},
{
  "model": "auth.user",
  "fields": {
    "password": "pbkdf2_sha256$1000000$46f7rSseWi8OksoWtAEPfa$2llEcM33dEQOyqW2jMQXABPmqjYhQSdy6fKp6a/rsME=",
    "last_login": "2025-07-02T06:32:40.751Z",
    "is_superuser": false,
    "username": "Ousmaneballondor",
    "first_name": "",
    "last_name": "",
    "email": "alexandreallary89@gmail.com",
    "is_staff": false,
    "is_active": true,
    "date_joined": "2025-06-28T06:37:19.147Z",
    "groups": [],
    "user_permissions": []
  }
},
{
  "model": "auth.user",
  "fields": {
    "password": "pbkdf2_sha256$1000000$PihraoFbt5tCg0qFn9vq7q$ki8QmSPoGwSGSjs7febKyzNjl6PelGRCI2p49pQm8IA=",
    "last_login": null,
    "is_superuser": false,
    "username": "LaRoueTourne",
    "first_name": "",
    "last_name": "",
    "email": "delzantmartin@gmail.com",
    "is_staff": false,
    "is_active": true,
    "date_joined": "2025-06-28T13:12:24.499Z",
    "groups": [],
    "user_permissions": []
  }
},
{
  "model": "auth.user",
  "fields": {
    "password": "pbkdf2_sha256$1000000$L9mRUTSA9BHlK4hJ0dgQU5$lBcLeNoXoX8O/MvEt8IYQQOzPwUCg4uEPmeuW0DfVl8=",
    "last_login": "2025-07-01T06:51:15.859Z",
    "is_superuser": false,
    "username": "LaRoueVaTourner",
    "first_name": "",
    "last_name": "",
    "email": "martindelzant@hotmail.fr",
    "is_staff": false,
    "is_active": true,
    "date_joined": "2025-06-28T13:36:11.007Z",
    "groups": [],
    "user_permissions": []
  }
},
{
  "model": "auth.user",
  "fields": {
    "password": "pbkdf2_sha256$1000000$UviMjoQmyzRTDCWN2Y4xDA$UJxumXuXd/xIUQkpxXAGluMV2AxeaQYyn3vcSlA1aos=",
    "last_login": "2025-07-01T09:40:19.794Z",
    "is_superuser": false,
    "username": "BboxByTel",
    "first_name": "",
    "last_name": "",
    "email": "jesuismartin@yopmail.com",
    "is_staff": false,
    "is_active": true,
    "date_joined": "2025-06-30T08:08:58.687Z",
    "groups": [],
    "user_permissions": []
  }
},
{
  "model": "auth.user",
  "fields": {
    "password": "pbkdf2_sha256$1000000$2AQchTAzkZr4nK9ZvYD2eq$YHKiRHpThapwOjt6L/Hs26GdTZMn8FAMpg4CsPxpxKQ=",
    "last_login": "2025-07-01T10:22:17.298Z",
    "is_superuser": false,
    "username": "alex",
    "first_name": "",
    "last_name": "",
    "email": "alexandregodey@gmail.com",
    "is_staff": false,
    "is_active": true,
    "date_joined": "2025-06-30T08:17:35.577Z",
    "groups": [],
    "user_permissions": []
  }
},
{
  "model": "auth.user",
  "fields": {
    "password": "pbkdf2_sha256$1000000$qh67nv9lMXyY6oaZrn6HvD$JkBcDNq+0AcZp6G8rwmEDa+YOHWtBkV3wiYhMDQpO/U=",
    "last_login": "2025-07-02T12:42:48.069Z",
    "is_superuser": false,
    "username": "pat0vél0",
    "first_name": "",
    "last_name": "",
    "email": "patosse@free.fr",
    "is_staff": false,
    "is_active": true,
    "date_joined": "2025-06-30T08:26:40.442Z",
    "groups": [],
    "user_permissions": []
  }
},
{
  "model": "auth.user",
  "fields": {
    "password": "pbkdf2_sha256$1000000$pKbOiXBSuVmtBk57VZmwGp$suE7ipXiFGPTswQIOtTqyUdKxa3ciIdQ3p1LKPcHu/M=",
    "last_login": "2025-07-02T16:45:30.495Z",
    "is_superuser": false,
    "username": "alatraine",
    "first_name": "",
    "last_name": "",
    "email": "brunomaglione@hotmail.com",
    "is_staff": false,
    "is_active": true,
    "date_joined": "2025-06-30T08:42:11.757Z",
    "groups": [],
    "user_permissions": []
  }
},
{
  "model": "auth.user",
  "fields": {
    "password": "pbkdf2_sha256$1000000$MfVONzzQUJWlgUSYX00JPQ$hxugdScPOY+aL2fm7zhXt7p9ziLV9neRLMbxO4OL0Qc=",
    "last_login": null,
    "is_superuser": false,
    "username": "alatraine2",
    "first_name": "",
    "last_name": "",
    "email": "bruno.maglione@aliceadsl.fr",
    "is_staff": false,
    "is_active": true,
    "date_joined": "2025-06-30T08:45:21.251Z",
    "groups": [],
    "user_permissions": []
  }
},
{
  "model": "auth.user",
  "fields": {
    "password": "pbkdf2_sha256$1000000$TAd5crEDOdSHygDtvdFAQA$PmTzT3ph0dGhcJ5NAu2m+IQZzBSJVLYHF7U333BRu7E=",
    "last_login": "2025-07-02T14:20:50.294Z",
    "is_superuser": false,
    "username": "Banesto",
    "first_name": "",
    "last_name": "",
    "email": "toumi.msh@gmail.com",
    "is_staff": false,
    "is_active": true,
    "date_joined": "2025-06-30T09:08:24.496Z",
    "groups": [],
    "user_permissions": []
  }
},
{
  "model": "auth.user",
  "fields": {
    "password": "pbkdf2_sha256$1000000$0vWfmtPFjri3Pkg44Fa4ZK$9TFjSDhSqmrj90hZzmoYwxJ7Z1WFNc0siEcWfDtZHbk=",
    "last_login": "2025-07-01T09:51:09.220Z",
    "is_superuser": false,
    "username": "Borislav",
    "first_name": "",
    "last_name": "",
    "email": "boris.gaertner@gmail.com",
    "is_staff": false,
    "is_active": true,
    "date_joined": "2025-06-30T16:00:52.879Z",
    "groups": [],
    "user_permissions": []
  }
},
{
  "model": "auth.user",
  "fields": {
    "password": "pbkdf2_sha256$1000000$niyWZxeKkQMEG00Cgduf9R$zHJ3OQW7PiGsKJxn+24/N+iFYXWTgJpXID4K3D5BQKY=",
    "last_login": "2025-07-01T11:35:00.062Z",
    "is_superuser": false,
    "username": "SuperTeam",
    "first_name": "",
    "last_name": "",
    "email": "pavo_go_95@yahoo.fr",
    "is_staff": false,
    "is_active": true,
    "date_joined": "2025-07-01T11:21:46.887Z",
    "groups": [],
    "user_permissions": []
  }
},
{
  "model": "auth.user",
  "fields": {
    "password": "pbkdf2_sha256$1000000$vRdwc8UYzib2unFjuIOLcu$CT3GBoirieTkpmP48LJF0m237p5nnv8DTlEIsSanYk0=",
    "last_login": "2025-07-02T16:08:30.439Z",
    "is_superuser": false,
    "username": "Lottovizzavona",
    "first_name": "",
    "last_name": "",
    "email": "clemferri83@gmail.com",
    "is_staff": false,
    "is_active": true,
    "date_joined": "2025-07-01T13:19:43.293Z",
    "groups": [],
    "user_permissions": []
  }
},
{
  "model": "auth.user",
  "fields": {
    "password": "pbkdf2_sha256$1000000$AbqDzg2zgYbgspETOpEtBN$2RVUzBnSQ8G5+7DtamWGV0WFODcbt+RU9y1br2AJLeo=",
    "last_login": "2025-07-02T09:00:39.084Z",
    "is_superuser": false,
    "username": "Pogabus",
    "first_name": "",
    "last_name": "",
    "email": "julian.touati@gmail.com",
    "is_staff": false,
    "is_active": true,
    "date_joined": "2025-07-01T15:57:19.114Z",
    "groups": [],
    "user_permissions": []
  }
},
{
  "model": "auth.user",
  "fields": {
    "password": "pbkdf2_sha256$1000000$MCXJvBKpMBCqE7pRt4wMAT$BLNalOWTy2kLLG486U8SNBdCZyD2wBRc+HeQ9UQ+A/I=",
    "last_login": "2025-07-02T11:11:44Z",
    "is_superuser": false,
    "username": "MaxVerstappen",
    "first_name": "",
    "last_name": "",
    "email": "maxime@dacker.co",
    "is_staff": false,
    "is_active": true,
    "date_joined": "2025-07-02T10:03:36Z",
    "groups": [],
    "user_permissions": []
  }
},
{
  "model": "auth.user",
  "fields": {
    "password": "pbkdf2_sha256$1000000$jp3fbEKM69ZhCqEMnnLb94$VwKEpvdIdYAQ/wPuwYMVCAkn1x8Tu1j4Jsv8TOu0zj0=",
    "last_login": "2025-07-02T11:12:15.578Z",
    "is_superuser": false,
    "username": "LeCyclix",
    "first_name": "",
    "last_name": "",
    "email": "ryan@dacker.co",
    "is_staff": false,
    "is_active": true,
    "date_joined": "2025-07-02T10:10:42.446Z",
    "groups": [],
    "user_permissions": []
  }
},
{
  "model": "auth.user",
  "fields": {
    "password": "pbkdf2_sha256$1000000$lp3qs1kymL3hGh8UsHzn38$YUELlNAi1De/c50dAZcq+bIhkK50AFmvSWnLysi8vXA=",
    "last_login": "2025-07-02T12:06:55.484Z",
    "is_superuser": false,
    "username": "Hyrox4ever",
    "first_name": "",
    "last_name": "",
    "email": "adele@dacker.co",
    "is_staff": false,
    "is_active": true,
    "date_joined": "2025-07-02T11:11:31.555Z",
    "groups": [],
    "user_permissions": []
  }
},
{
  "model": "sessions.session",
  "pk": "0861f489x4o1q05evxjqj0g3apw2msav",
  "fields": {
    "session_data": ".eJxVkM1uhDAMhN_FZ4TyQ_44tX2NqkIOeAsqJCsStFut9t1Ltly4WTPjzyM_APs-biF3uOWRQp56zFMM3UJ5jEOC9vMB_zO0cMWUbnEdoALM0HKjuFTOaF0rLYxjugJacJr3qF-3EBf8nncYvY0xF73u4wLPrwpe17ot0dpNBWwFnESP_Q-F4uA8F7k-atavzGGn-v1U-uPYOqFGTOPO4cIr6bS3WknNyTsvXUNcSIYXr61hTmhnL7YZmDCNNsKzwRMnZU3jpOQFmiil8hu6X6f1F1r2_AN_1WoQ:1uWWgB:1KXSbtU9oLbgt9B7s79_pqTbPFGezsyQEKTXWNBhYZY",
    "expire_date": "2025-07-15T08:49:27.473Z"
  }
},
{
  "model": "sessions.session",
  "pk": "0ta9mdw4hx7uxi91jedaju69eatbkm4z",
  "fields": {
    "session_data": ".eJxVkM1uxCAMhN_F5whBIAFy6vY1qipyjNug5mcViNpqte_eZZtLbtbM-PPIN0CidV9yj3seecmRMMd16WfO4xoSdG83-J-hgyum9L1uASrADJ2yjTLaeulF2zjlTFMBzxinR5Qmnj9426LTL59FE7TOcH-v4Hmp3xNvfSxQZ-EkDkhfvBQHp6nI4qgonpnDTuJyKvx6bJ1QI6bxwdGIrmVf6yFQsEpL0mQsBjMY6zWh94YtmTrUtfWNMYRSKskUtOcgXVugiVMqf-Gfa9x-oZP3P3E9aUg:1uWr0Y:Z9FnFv7w-w36Xtzn0Aic_DjZ-8qd1tgtjFZBI4ODzmI",
    "expire_date": "2025-07-16T06:31:50.490Z"
  }
},
{
  "model": "sessions.session",
  "pk": "0wydna7e3myivsoc1fittiltyu48jqlo",
  "fields": {
    "session_data": ".eJxVkMFuxCAMRP_F5wiFECDk1PY3qiryElNQE7ICorZa7b932eaSmzUzfh75Bmjttscy4V48xRIslrDFaaXitznD-H6D_xlGuGLO31uaoQEsMHItOe90rzgzneaSN0ArhuWRXDGVEJn1mBItL59VZnZb4f7RwPPWtGdKU6hY3cNJvKD9olgdXJYqs6Mke2YOO7PXU-W3Y-uE8pj9g9M67QRJJVqHnBs5D6YftECBki5aaUeDtgYddoSc7CCVE0b1qObWdkIPFZop5_oZ-rmG9Atje_8Dr89qlw:1uVYFK:QCyqCYpnmQIF6dWJxcbSH4rf2y_ZyT3kzCgYodpsSE4",
    "expire_date": "2025-07-12T16:17:42.776Z"
  }
},
{
  "model": "sessions.session",
  "pk": "0z4l5qu7qgj8odw5wbukxhj0btsh9jet",
  "fields": {
    "session_data": ".eJxVkMFuhDAMRP_FZxQFEkPCqe1vVBUySShRCVmRoLZa7b-XbLlws2bGzyPfgYyJ-5oH2vPs1uwNZR_XIbg8R5ugf7_D_ww93Cil77hZqIAy9HWHtWxbLjXDVqhOVeAC-eVI5rgHz0KaXz6LwkwM8Pio4Hlm2JPbBl-ISsJFHMl8ubU4tCxFZmc_9sycdmKvl7Zv59YFNVOaD86IOGptm84aRN6YxtkWJ2wtSuEkx0kqoUkrdeRGaznxRmkhOHJRk5lcgSaXUnmK-7n57Rd6_vgDYHtoPg:1uWyKQ:S-eoFoa9JnrX9k9WIZitrn7Ka9FxVEG3z0allk9NSxs",
    "expire_date": "2025-07-16T14:20:50.442Z"
  }
},
{
  "model": "sessions.session",
  "pk": "14dc9r4h603m3yml9o6z0ult6jqjgund",
  "fields": {
    "session_data": ".eJxVkMFuhDAMRP_FZ4RIgkng1PY3qlVkgldEhWRFgrrVav-9zZYLN2tm_DzyA8i5uIdsac8zh-wdZR-DXTnPcUowfD7gf4YBbpTSd9wmqIAyDEKjaLHrDdYShRGoKuCV_FKinreNLYXpbY65iLWLKzwvFbxO2T3xZn2hagkncST3xaE4tCxFro-O9Stz2Kl-PzX-OLZOqJnS_MdpR-mY-wY75VhMTFIbHIXW6BT2WrbokDu-CqXHTijTsxKyQSev2mjddwWaOKXyGL7f_PYDQ_P8BR85aUY:1uWvyE:C2RMLlXXzdnPiw0N2FTiepwIQntsHGlZZqq_yQehv_Q",
    "expire_date": "2025-07-16T11:49:46.123Z"
  }
},
{
  "model": "sessions.session",
  "pk": "2659av474fy33qgvyej36xkqh64eqn8a",
  "fields": {
    "session_data": ".eJxVkN1qhDAQhd9lrkVMzJ9edfsaZQkxjhiqiSRx27Lsu3ezlYJ3wzlzvjnMHYy1YfdZ3zC6yeGocTVugd7vy1L9u2bPM_rsrMkueL1insOYoP-4w98MPWwmpa8QR3jGMvREctIwKqiqGWWkUbyCgw2bwxhRGz--zSEXsbZhhce1gtcpvSeM2hWqpHASB2M_0RfHLEuR66Nj_do57FRfTo3fj9QJNZs0PzlsoBaxa7hoLZIRDZWKD0RKblveScq45ShwIq0cBGlVhy2hDbd0kkrKThRowpTKY_B7c_EH-ubxC9khdJw:1uVCB3:j12fDXKaRb5dOe5o3h-UfcYFtf9QK2Fc8JGX9icuVag",
    "expire_date": "2025-07-11T16:43:49.584Z"
  }
},
{
  "model": "sessions.session",
  "pk": "2feivswd26zswdgb86od2xigb8ogdib9",
  "fields": {
    "session_data": ".eJyFkE1uxCAMhe_idRRBgABZdXqNqkIGPApqfkYhaacazd0b2qjSbNqd9Z792c83wBDmbVrdOy3pnCg6GjEN0E3bMFS_Lm5rT9OaAq5pntxIaz_HDN3LDX5q6OCCOX_MS4R9bIWOa8WlYpazWjTKmLap4GDDiNc00lPE8EZLHWa4V_-BpGaiFtaqVv_Fea3AZcq5XEnXS1o-oWO7VgK4LdPiUllhLDyIvhCm4uAwFLk-ktffPYed69PDH56PqQdUj7nfOTF6iQJDgzJ4JUWDBulsOSqSXATpNWsbbDwxoYzlLTMi6KAtMk7KeAP3Lye_iQI:1uWvNQ:J7NLr8AL_tzo3uEVf1URXHZ14v7pFx6zWTvYsTFdcD0",
    "expire_date": "2025-07-16T11:11:44.543Z"
  }
},
{
  "model": "sessions.session",
  "pk": "2jr5fjoyfqf8ccyyiqir4jjw5rngy6uc",
  "fields": {
    "session_data": ".eJxVkMFuhDAMRP_FZ4RCEgjh1O1vVBUyjluiAlklQW212n_vZsuFmzUzfh75BkgU9i2PuOeZt-wJsw_buHKeg0swvN3gf4YBrpjSd4gOKsAMQ2PaRhvZClsrozpjdQW8ol8eUVp4_eAYfa9ePotWU1jh_l7B89K4J46jL9DewEmckL54Kw4uS5Hro2L9zBx2qi-nwq_H1gk1Y5ofHIXYd2ylmhw50yhBirRBpydtrCK0VrMhLZ2UxrZaEwrRCCanLDvRdwWaOKXyF_65-vgLg7j_AW49aUU:1uX00c:jz8EYxj0Klc9oNrAhprV0yzQNGCWn75T1eDy18ALYsM",
    "expire_date": "2025-07-16T16:08:30.242Z"
  }
},
{
  "model": "sessions.session",
  "pk": "3930ukox15ln7nlrul5l33cje8qtie19",
  "fields": {
    "session_data": ".eJxVkNtugzAMht_F1wglIUeutr3GNEVuMCMaJRUJ3aqq7z7o0CTurP_w2fIdMIS0TMVfaY59pM7TGeMI7bSMY_Xv4lIGmkoMWGKa_JnKkLoM7fsd_mZo4YI5f6e5g7VWoOVG8UY77VzNuGVGqQp29hq9Jv-ZvFMvNxxSqvsZHh8VPPf4JdPs44a0Gg7iCcMXTZuD47jJ9X5g_czsdq5fD-e-7a0DasA8rBxBPWu40b1slLTSGo3ccsOM5QF7oTvZCOcEE9IxG06GKc14UF1oJGkrcINmynn7Cv1c4nyDlj1-Act3ckg:1uWZGO:LpIJJlJwoU0qnCtKJxUFTcfjHc3OtIYZKDRmNPYI4G4",
    "expire_date": "2025-07-15T11:35:00.214Z"
  }
},
{
  "model": "sessions.session",
  "pk": "3dpe5p6olkrfamk1bdmerii52eyfa00u",
  "fields": {
    "session_data": ".eJxVkM1uhDAMhN_FZ4TyR344tX2NqkIOeAsqJCsStFut9t1Ltly4WTPjzyM_APs-biF3uOWRQp56zFMM3UJ5jEOC9vMB_zO0cMWUbnEdoALM0HLTcGms5bp2RmjFK6AFp3lP-nULccHveWfR2xhz0es-LvD8quB1rNsSrd1UuFbASfTY_1AoDs5zkeujZf3KHHaq30-dP46tE2rENO4cLnwjnfZWN1Jz8s5Lp4gLyfDitTXMCe3sxaqBCaO0EZ4Nnjg11ignJS_QRCmV19D9Oq2_0LLnHzApadc:1uWbdR:PNUFd4KV3q7v0q1t9mF2tzUswx73yIutzjvog2NYYDs",
    "expire_date": "2025-07-15T14:06:57.890Z"
  }
},
{
  "model": "sessions.session",
  "pk": "3htgfipt2evlqxum8n6monfi0927i425",
  "fields": {
    "session_data": ".eJxVkM1uhDAMhN_FZxQlhPzAqe1rVBXyBqdEhbBKgtpqte_ezZYLN2tm_HnkG6Bz2x7LiHuZKZbgsIQtjiuVeZsyDO83-J9hgCvm_L2lCRrAAoMwSgjbW6lYK7uO2wZoxbA8kiumEiJzM6ZEy8tnlZnbVrh_NPC8Ne6Z0hgq1nRwEi_ovihWB5elyuwoyZ6Zw87s9VT57dg6oWbM84PDvfGSlJbcoxC9mmzfWSNRoqKL0caTNa5Hjy2hIGeV9rLXHeqJu1YaW6GZcq6foZ9rSL8w8PsfuJZqoA:1uVoTM:L4G4IfashWifkYVL4CUAKLFA7NwCCquQESgZJ2P4Kh0",
    "expire_date": "2025-07-13T09:37:16.071Z"
  }
},
{
  "model": "sessions.session",
  "pk": "3pn7c5buj0et1vfo7ww1bvi6gdbh9pbk",
  "fields": {
    "session_data": ".eJxVkMFuhDAMRP_FZ4RIQjDh1O1vVFVkgleJCmRFgtpqtf_ezZYLN2tm_DzyHci5uK_Z0p49rzk4yiGuduHs45Rg-LjD_wwD3Cil77hNUAFlGARq0SpthKpRGGUaWQEvFOYSDbxtbGmd3nzMRaxdXODxWcHrlN0TbzYUKko4iSO5L16LQ_Nc5ProWL8yh53qy6nx-7F1QnlK_slpR-mYTaM75VhMTBJ7PQpE7Z71Ubbaae74KhSOnVC9YSVko528Yo9ougJNnFJ5DP_cwvYLQ_P4AxlZaUA:1uWqUM:wPCJ0amyrhQByLxdq0cdf7J1Ivxfd9ZnaFlx18l6rHg",
    "expire_date": "2025-07-16T05:58:34.583Z"
  }
},
{
  "model": "sessions.session",
  "pk": "3vtmomvtjy42mi5izg1fnqdbt7330t76",
  "fields": {
    "session_data": ".eJxVUEFuhDAM_IvPCCVZQhxObb9RVcgkpqBCWJGg7mq1f--GcuFmz4xnRn4AObdsIbW0pYFDGh2lcQntzGlYfITm8wH_MzRwpRh_l9VDAZSgkUbLSlTmUpcWDSpZF8AzjdNLShPfKPiVaZpovaN9-85M6ZYZnl8F7HntFnltx2xtajiBHbkfDn53mjJcHkXLXXPQsXw_1f44rk5WA8UhJ6DpndAXLbvOK0TjbCexF0qgsii9Nr5CQ97ryiqvBda269mgZaNee59NI8eYv8O367jeoRHPPy8yaz0:1uWiNV:JGUfWoiZYNUgzd-t5IQ6Vtr6SOLIYrh3xafo0rcUiuI",
    "expire_date": "2025-07-15T21:18:57.853Z"
  }
},
{
  "model": "sessions.session",
  "pk": "3zkcohz5p42mq5hr2dtqis51dmfuzykt",
  "fields": {
    "session_data": ".eJxVkMFuhDAMRP_FZxQlzgaynNr-RlUhkzgiKgsrHNRWq_33FsqFmzUzfh75ARTCvE6lo7UMPJUcqOR56m5chjkKtO8P-J-hhTuJfM1LhAqoQGsaZ6x2pkZlEY23pgK-UR73aJlF-CUtzCot8PyoYL_RrcJLlzecN3ASewqfPG0OjeMmq6Oc2jOHLer1VPXt2DqhBpLhj4PY2AbR13WKTjP1vb_q5DU2PSORQ6cvzqAN2KNptEtRh2u8-Bidj3WtN6iwyPYR_r7n5Qda_fwFro1mZw:1uWITT:hALwIMcjMdRn04EMcWuvHZd8NvKLDwih4oHMMMzRcMQ",
    "expire_date": "2025-07-14T17:39:23.169Z"
  }
},
{
  "model": "sessions.session",
  "pk": "4m6d4h3qhmrlgys1va66noqi6q78cyjb",
  "fields": {
    "session_data": ".eJxVkM1uhDAMhN_FZ4TyR344tX2NqkIOeAsqJCsStFut9t1Ltly4WTPjzyM_APs-biF3uOWRQp56zFMM3UJ5jEOC9vMB_zO0cMWUbnEdoALM0HLTcGWUEa42xqiGyQpowWneo37dQlzwe95h9DbGXPS6jws8vyp4Xeu2RGs3FbAVcBI99j8UioPzXOT6qFm_Moed6vdT6Y9j64QaMY07hwvfSKe91Y3UnLzz0iniQjK8eG0Nc0I7e7FqYMIobYRngydOjTXKSckLNFFK5Td0v07rL7Ts-Qd7FmoL:1uX0aQ:zgoiK376bzURtd4z0XluQmhJJh2ak4fBzXHLyPG0_do",
    "expire_date": "2025-07-16T16:45:30.642Z"
  }
},
{
  "model": "sessions.session",
  "pk": "4u9a5wwnx5pkxpi9do734952auujg4ur",
  "fields": {
    "session_data": ".eJxVUNFugzAM_Bc_IxQCIQ5P235jmpBJzECDUJGgtqr6720YL7zZd-e7kx9A1i6bjy1tcWAfR0txXHw7cxwWF6D5fsD_DA1cKITrsjrIgCI0hVZFVWpTi1yUWNeyyoBnGqe3lCa-kXcr0zTRekfz8ZuY3C4zPH8y2PPaLfDajsla13ACO7J_7N3uNCU4P4rmu-agQ_55qv11XJ2sBgpDSkDdW6FKVXSdk4jamq7AXkiB0mDhlHYVanJOVUY6JbA2Xc8aDWv53vtkGjiE9B2-Xcb1Do14vgAoiWs2:1uWr1M:XDgwK23VpjBqD87tvaRo28NreN2mAbl4z8VxeHhC9sA",
    "expire_date": "2025-07-16T06:32:40.896Z"
  }
},
{
  "model": "sessions.session",
  "pk": "4vaiplvmqf0w5xkfsq1lo15x25jroxrl",
  "fields": {
    "session_data": ".eJxVUEFuhDAM_IvPCJFAiMOp7TeqCpnEFFQIKxLUXa327yWUCzd7Zjwz8hPI2mXzsaUtDuzjaCmOi29njsPiAjSfT_ifoYEbhfC7rA4yoAiN0EqUqhR1matSYaVlBjzTOO1SmvhO3q1M00TrA83bd2Jyu8zw-srgyGu3wGs7JmtdwwXsyP6wd4fTlOD8LJofmpMO-ful9sd5dbEaKAwpAXVvi72o6DonEbU1ncC-kAVKg8Ip7SrU5JyqjHSqwNp0PWs0rOW-98k0cAjpO3y_jesDmuL1ByVwazM:1uWUxg:qn6XQa5HnXfedbh7yUSHD0AfagolC2GgBw00UClnXpg",
    "expire_date": "2025-07-15T06:59:24.443Z"
  }
},
{
  "model": "sessions.session",
  "pk": "50z88v1j9xsnbkw4hfbqcnab9qkz0azx",
  "fields": {
    "session_data": ".eJyl0ktuhDAMBuC7eI2iODgJYdX2GlWF8kJEZWBEoA-N5u6FFlVi0y7YRf7tLwv7Btb7cRnm5i1OqU0xNPFiUw_1sPR98ZvaZe7iMCdv5zQOzSXO3Rgy1M83-HlDDVeb8_s4BVjHZqhRSySppVZMGVNKLGCnwYbYx4dg_WucmB_hXvzLKBKMcyWxVOccqZhEXslTikHDtKBSlPqcUwmGKEiQOeNUHImRqoQh-sN5KaDJMedtg_HjmqZPqPla25bbLDlOTdq-MAiHotuEYUts329ltl8F--7Z48weDzfytE8dqM7mbnUUOQwUWk7OSREUF9wrgeS0cS6KCk3bKm08STLeBkltQEuV5xZbLpWE-xclxN3W:1uWwEp:Bj_zKWxkjg2LRVfvYDkzoMQQrQ6wiBX9EYiAJpdZooo",
    "expire_date": "2025-07-16T12:06:55.632Z"
  }
},
{
  "model": "sessions.session",
  "pk": "5k09zgcygo76z9h7f2cgqxbdvuabsssd",
  "fields": {
    "session_data": ".eJxVkMtuhDAMRf_Fa4TygDxYtf2NqkJO8BRUSEYkaKYazb-XTNmws66vj6_9APQ-biH3uOWRQp485imGfqE8xiFB9_mA_xo6uGJKt7gOUAFm6LhueaM0Z7xWXBitdAW04DTvVrduIS74Pe8wehtjLnrt4wLPrwpe2_ot0dpPBWwEnESH_odC6eA8F7k-YtYvz9FO9fsp9McxdUKNmMadw4VrpVXOqFYqTs46aRviQjK8OGU0s0JZczHNwITejxKODY44tUY3VkpeoIlSKr-h-3Vaf6Fjzz9xEWoB:1uWybO:bM-DMbzRXMfXeBYf7e95EVkeFmECSLac6L4zojsS0bk",
    "expire_date": "2025-07-16T14:38:22.484Z"
  }
},
{
  "model": "sessions.session",
  "pk": "5lgkeu6m7pvmdc3dfnhcs5ld72ecj5vl",
  "fields": {
    "session_data": ".eJyNj9FuwyAMRf_Fz1GkrEvb5Wl_glxwqVcCkQOboir_XpN1m_q2J4zv9fXxDdDaVGI2IXmOMNygzCRmusIQSwgN0IgczCcJn9li5qQmGDE6zEkWaGBmH8sEQ5ZCDQg5FrLZFAlPETr1UQJjbHMqmvPua7e1adSM6ZIi_dhrIAZz_ULx828zY6aKp4WnuVYbsTktxia3SYqE-q4NXJQvkPuG0v-Gv5jHmn84H8h_TpVsEaGY9ZAnU5U4cmYFdAZV7w59tzvud_2h3R9furf-dV3vOud_hA:1uWdb3:3Ux5EUcVumzKeIcxeq_VNksgNRr4gFTQLFf5i0s1z7o",
    "expire_date": "2025-07-15T16:12:37.829Z"
  }
},
{
  "model": "sessions.session",
  "pk": "5q73tlxodvew7z0hpcfsi5eagam51hvj",
  "fields": {
    "session_data": ".eJxVkMtuhDAMRf_Fa4TyIC9WbX-jqpADnoIKyYgEzVSj-feSKRt21vX18bUfgH0ft5A73PJIIU895imGbqE8xiFB-_mA_xpauGJKt7gOUAFmaLlRXFjZaFMzoaWyugJacJp3q1-3EBf8nncYvY0xF73u4wLPrwpe27ot0dpNBWwFnESP_Q-F0sF5LnJ9xKxfnqOd6vdT6I9j6oQaMY07hwuvpNPeaiU1J--8dA1xIRlevLaGOaGdvdhmYMLsFwnPBk-clDWNk5IXaKKUym_ofp3WX2jZ8w91C2oF:1uWCpX:mEnnnrxUPHfIYJ5FTw9e7gA2iv20R7bgNvUqgyIyl9Y",
    "expire_date": "2025-07-14T11:37:47.866Z"
  }
},
{
  "model": "sessions.session",
  "pk": "64xgkc4m6e93nif4an7lyxm2mjuq2emm",
  "fields": {
    "session_data": ".eJxVkMFuhDAMRP_FZxSRQGLCqe1vVCtkgleJCmRFgrrVav-9zZYLN2tm_DzyA8i5uK95oD17XnNwlENch4Wzj1OC_vMB_zP0cKOUvuM2QQWUoZeoZauN7azotDQtVsALhbkkA28bD7RObz7mIgoXF3heKnhdGvbE2xAKFBWcxJHcF6_FoXkusjgqilfmsJN4PxX-OLZOKE_J_3HaUTlmW2vTOJYTk8JOjxJRu0ZbVK12mg1fZYOjkU1nuZGq1k5dsUO0pkATp1T-wvdb2H6gr5-_4hRpIA:1uWvyI:4qQR4jxu5Cpxz-PjQw0B0YzSLVn3BIbE00cxUB3CnZw",
    "expire_date": "2025-07-16T11:49:50.729Z"
  }
},
{
  "model": "sessions.session",
  "pk": "6fyk2firoq5gg8sxdc9jji9sb3z3r4pf",
  "fields": {
    "session_data": ".eJxVkE1uhDAMhe_iNUIhhPywanuNaoRMYpSoEEYkqNOO5u6dTNmws9-zPz_5Dmjtusc84J49xRws5rDGYaHsV5eg_7zDfw09XDGl73VzUAFm6BvVNVxqKVXNle6MURXQgmF-ji645RAdzb8Y85tfc9HraYPHpYLXsWFPtA2hcJWGkzii_aJYHJznItdHyvo1c9ipfj9l_ji2TiiPyT85lhtpJuE6OfKxJY1GIhPTyLhVpXHKCNaSEOiYa6nT5NAIoxujLCJTBZoopfIaul3D9gM9e_wBbtprRw:1uW8yq:vGONtgCsCZRjMlmVlRUYSzU3MfS2MHYw1SSfyr8dmUw",
    "expire_date": "2025-07-14T07:31:08.155Z"
  }
},
{
  "model": "sessions.session",
  "pk": "6hauk773fsbo7nfyjuzjcc0zysbbrjbo",
  "fields": {
    "session_data": ".eJxVkMFuhDAMRP_FZxSFJBDCqdvfqCpkHLdEBbIiQW212n_vZsuFmzUzfh75BkgU9zUPuOeJ1xwIc4jrsHCeok_Qv93gf4YerpjSd9w8VIAZ-to2tbGqkU5Y3da6tRXwgmF-RGnm5YO3LXT65bNoguIC9_cKnpeGPfE2hALtLJzEEemL1-LgPBdZHBXFM3PYSVxOhV-PrRNqwjQ9OBqxa9kpPXryttaSNBmL3ozGOk3onGFLRnmlrGuMIZSylkxeO_ayaws0cUrlL_xzDdsv9PL-B2ilaT8:1uX00c:LGAOAFcs89H3cA52icaSs8XYjzz5zG0oV2dR4w3fBos",
    "expire_date": "2025-07-16T16:08:30.582Z"
  }
},
{
  "model": "sessions.session",
  "pk": "702ab50m7ff8137sr4f1cekmu8o90jg4",
  "fields": {
    "session_data": ".eJxVkMluhDAMht_FZxQlE7JxavsaVYVMYkpUlhEJmqlG8-4lUy7crH_5bPkB6P2yzbnFLQ805-gxx2VuJ8rDEhI0nw_4n6GBK6Z0W9YAFWCGRhglau1qXjOjtbKuApowjntyL0yYWF5xjrS-fReZ-WWC51cFr13tlmhtY8EaBSexQ_9Dc3FwHIvMjiPZK3PYib2fTv44WifUgGnYOZ6spNC7oMgYLTtlZa-Nr5W5dE4pJ3mngxWhN3SxVgclhZKOowmCjOdUoIlSKp-h-zWuv9Dw5x_R_2pw:1uWzCX:frb1njqfC0t-f57V8KKWJ4Khd9MsXRLq1MPI3sxArjg",
    "expire_date": "2025-07-16T15:16:45.639Z"
  }
},
{
  "model": "sessions.session",
  "pk": "74a9qjtsx558dxqe2vjbxst2kbaytyku",
  "fields": {
    "session_data": ".eJxVkM1uhDAMhN_FZ4TyR344tX2NqkIOeAsqJCsStFut9t1Ltly4WTPjzyM_APs-biF3uOWRQp56zFMM3UJ5jEOC9vMB_zO0cMWUbnEdoALM0HLTcGms5U2tmVCGqQpowWneo37dQlzwe95h9DbGXPS6jws8vyp4Xeu2RGs3FbAVcBI99j8UioPzXOT6qFm_Moed6vdT6Y9j64QaMY07hwvfSKe91Y3UnLzz0iniQjK8eG0Nc0I7e7FqYMIobYRngydOjTXKSckLNFFK5Td0v07rL7Ts-QdwgmoA:1uWbdQ:aox1fha8c2I4eK-ryhKbIOmqca9SM9SH6hAWnuo9WYk",
    "expire_date": "2025-07-15T14:06:56.514Z"
  }
},
{
  "model": "sessions.session",
  "pk": "7tqb85hw250ruu1rtfd7w8stysdpzerd",
  "fields": {
    "session_data": ".eJxVkEtuhDAMhu_iNYoCqUnCqtNrVBUyiSlReYxI0Ew1mruXTNmws_7HZ8sPIOeWbU4tbWngOQVHKSxzO3EaFh-h-XzA_wwNXCnG27J6KIASNKXGUiFW1gppaistFsAThXGP7o2JokgrzYHX9-8sC7dM8Pwq4LWs3SKvbchcjXASO3I_PGeHxjHL4rhSvDKHHcXldPPH0TqhBorDznFsFPveemSta9WhUX2t3RvqqrOIVsmu9qb0vebKmNqjKlFZSdqXrJ3kDI0cY34N369h_YVGPv8AGu5qog:1uWVW7:52M3rPOqrONfx4ymoTGVnTsoSRd0oOXEQi4ABaBCnto",
    "expire_date": "2025-07-15T07:34:59.983Z"
  }
},
{
  "model": "sessions.session",
  "pk": "8qddcr3hxdaenynl6idrpb0d2d26d5du",
  "fields": {
    "session_data": ".eJxVkM1uhDAMhN_FZ4TyR344tX2NqkIOeAsqJCsStFut9t1Ltly4WTPjzyM_APs-biF3uOWRQp56zFMM3UJ5jEOC9vMB_zO0cMWUbnEdoALM0HLTcKkNa3itG6mkrYAWnOY96dctxAW_551Fb2PMRa_7uMDzq4LXsW5LtHZT4VoBJ9Fj_0OhODjPRa6PlvUrc9ipfj91_ji2TqgR07hzuPCNdNrbvajm5J2XThEXkuHFa2uYE9rZi1UDE0ZpIzwbPHFqrFFOSl6giVIqr6H7dVp_oWXPPyVVacw:1uWYZg:8eO4LoufCf19S-tmEHI89m3oYb5OAeNNvtPvRql8kig",
    "expire_date": "2025-07-15T10:50:52.576Z"
  }
},
{
  "model": "sessions.session",
  "pk": "9e23cv4zoc42bqz2pggo2ywfe9yykx16",
  "fields": {
    "session_data": ".eJxVkM1uhDAMhN_FZ4TyByGcun2NqkLGcUtUICsS1Farffdutly4WTPjzyPfAInivuYB9zzxmgNhDnEdFs5T9An6txv8z9DDFVP6jpuHCjBDL20jjZVCybpzbaO0qoAXDPMjSjMvH7xtodMvn0WrKS5wf6_geWnYE29DKNDOwkkckb54LQ7Oc5Hro2L9zBx2qi-nwq_H1gk1YZoeHI3YteyUHj15K7UgTcaiN6OxThM6Z9iSUV4p6xpjCIWQgslrx150bYEmTqn8hX-uYfuFXtz_AF8jaTU:1uWzcc:vs1M4AFpLCgG0JllvMGEWhGMCrtSg-ODUp3QtRg2CAk",
    "expire_date": "2025-07-16T15:43:42.772Z"
  }
},
{
  "model": "sessions.session",
  "pk": "9rxffam3xvknxl4ppv6lm9zidu97gx8g",
  "fields": {
    "session_data": ".eJxVkM1uhDAMhN_FZxSRhPzAqe1rVBXyBqdEhbBKgtpqte_ezZYLN2tm_HnkG6Bz2x7LiHuZKZbgsIQtjiuVeZsyDO83-J9hgCvm_L2lCRrAAgM3inMhRMuZ6DqutG2AVgzLI7piKiEyN2NKtLx8Vpm5bYX7RwPPY-OeKY2hck0HJ_GC7otidXBZqsyOluyZOezMXk-d346tE2rGPD84rTdektKy9ch5rybbd9ZIlKjoYrTxZI3r0aMg5OSs0l72ukM9tU5IYys0U871NfRzDekXhvb-B-6Var8:1uVWsU:Q0RIjixZwonp8s7K2DO7tZVtR6Y-iuCpwe6Iy6BXIx4",
    "expire_date": "2025-07-12T14:50:02.122Z"
  }
},
{
  "model": "sessions.session",
  "pk": "9twiaeud68daouqt4sxz0v6lgukkkzjg",
  "fields": {
    "session_data": ".eJxVkN1ugzAMhd_F1wgFnJKEq3WvMVXION6Ixk9Fgrqp6ruv6bjhzjrn-POR70DMyzanjrY0yJwCUwrL3E2ShsVHaD_u8D9DC1eK8basHgqgBG1lThU6tGhLhQ1ajQXIRGF8RnmU6VPWNVh8-8paycsEj0sBr0vdFmXtQoZaAwexJ_6WOTs0jlku94rlK7PbsTwfCr_vWwfUQHF4cpDINuJq7D17U6FiZG3I614bh0zOaTGsa1_Xxp20ZlKqUsIenXhlmwyNEmP-i_xcw_oLrXr8AWm9aUA:1uWfXi:1Aw1YE1D6i0L8H7WMfsnvR7KuG1-prRi6g_WpcBZyV4",
    "expire_date": "2025-07-15T18:17:18.897Z"
  }
},
{
  "model": "sessions.session",
  "pk": "9vw8bwpf4vq78opp5f8r0m0lw3axcu4f",
  "fields": {
    "session_data": ".eJxVkMluhDAMht_FZxQFMtk4tX2NqkImMSUqyygJmqlG8-4lUy7crH_5bPkB6Ny6LbnDLY-05OAwh3XpZsrj6hO0nw_4n6GFK6Z0W6OHCjBDW2tZc2uVbJjhwphLBTRjmPbkXpgxsRxxCRTfvovM3DrD86uC165uSxS7ULBawkns0f3QUhycpiKz40j2yhx2Yu-nkz-O1gk1Yhp3jiMjyA_WS9JaiV4aMSjtLlI3vZXSCt4rb2o_aGqMUV6KWgrLUfuatONUoIlSKp-h-zXEX2j58w_MZmpq:1uVR0n:_D7TvkruPXOjV2kmvhI1iyyJQ7owYi58Zfe2Cj74Pek",
    "expire_date": "2025-07-12T08:34:13.670Z"
  }
},
{
  "model": "sessions.session",
  "pk": "acv8hn4m4o0wgnmtdibxyz5z10nd6dv0",
  "fields": {
    "session_data": ".eJxVkMFuhDAMRP_FZxSFJBDCqdvfqCpkHLdEBbIiQW212n_vZsuFmzUzfh75BkgU9zUPuOeJ1xwIc4jrsHCeok_Qv93gf4YerpjSd9w8VIAZ-to2te6s0k641hrZ6Ap4wTA_ojTz8sHbFjr98lk0QXGB-3sFz0vDnngbQoF2Fk7iiPTFa3FwnossjorimTnsJC6nwq_H1gk1YZoeHI3YteyUHj15W2tJmoxFb0ZjnSZ0zrAlo7xS1jXGEEpZSyavHXvZtQWaOKXyF_65hu0Xenn_A26HaUU:1uWdpI:F6RI_-uJH_XKNwXyN1Z-eVGf_Gi1pC-lq8zzNUYWpWs",
    "expire_date": "2025-07-15T16:27:20.840Z"
  }
},
{
  "model": "sessions.session",
  "pk": "aeurw9i3667002tg2v8g3uivxubkhy5l",
  "fields": {
    "session_data": ".eJxVkMtuhDAMRf_Fa4TygDxYtf2NqkJO8DSoQEYkaKYazb-XTNmws66vj6_9APQ-bkvuccuBljx6zGNc-plyiEOC7vMB_zV0cMWUbnEdoALM0HHd8qY1WsuaKas5kxXQjOO0W926LXHG72mH0VuIuei1jzM8vyp4beu3RGs_FrARcBId-h9aSgenqcj1EbN-eY52qt9PoT-OqRMqYAo7hwvXSqucUa1UnJx10jbEhWR4ccpoZoWy5mKagQndKC0cGxxx2s9rrJS8QBOlVH5D9-u4_kLHnn91W2oF:1uWwR3:O51KUwVtgZbg9Ibo4DyNA-KCPZdKXdyGH_3cvQ0IAfk",
    "expire_date": "2025-07-16T12:19:33.945Z"
  }
},
{
  "model": "sessions.session",
  "pk": "afzw7der1pvdzuzk92u9r68ndczrgjm5",
  "fields": {
    "session_data": ".eJxVkM1uhDAMhN_FZ4QISUjCqdvXqCoUHG-JCsmKhP5ote9esuXCzZoZfx75DhYxbiEPdssThezRZh_DsFCeokvQv93hf4Yebjal77g6qMBm6JmSTAjJpKg1Z02jVQW0WD_v0S8fcMctMVA2_OWjyDXGBR7vFTyPDVuidfCFqzicxNHiJ4Xi2Hkucn20rJ-Zw0715dT59dg6oSabpp1DTijZdQ22RNKwjpxyrHFyZJoZFEYiSqe1VvzKrzi23EkkaUdlHFOtUQWaKKXyGvq5-fUX-ubxB-xJarg:1uWstP:OqyNMoEJePcHFOfZ-oFXePYZ7T8AnLFxpa_QBbiAolY",
    "expire_date": "2025-07-16T08:32:35.699Z"
  }
},
{
  "model": "sessions.session",
  "pk": "awmztx7722aq7ujwrxervpwcs7jx1jar",
  "fields": {
    "session_data": ".eJxVkM1uhDAMhN_FZ4RIQv44tX2NqkJO8DaoQFYkaLda7buXbLlws2bGn0d-AHoftyX3uOVASx495jEu_Uw5xCFB9_mA_xk6uGJKt7gOUAFm6JiWTEirla6tElJJUwHNOE571K3bEmf8nnYYvYWYi177OMPzq4LXtX5LtPZjARsOJ9Gh_6GlODhNRa6PmvUrc9ipfj-V_ji2TqiAKewcxp0UVjmjpFCMnHXCtsS4aPDilNGN5cqai2mHhutWae6awREjaXRrhWAFmiil8hu6X8f1F7rm-QeHemoY:1uWWgC:uxF4GDRqyftou2Ms4MEknq98reirW15ZSwiaezYKEzM",
    "expire_date": "2025-07-15T08:49:28.854Z"
  }
},
{
  "model": "sessions.session",
  "pk": "bngkqn3r2s091yukqd61rxvqnbaicb18",
  "fields": {
    "session_data": ".eJytkMtOhTAQht9l1qTphd5Yqa9hDBnaQRoPcEJL1JycdxeUDStduJv8l2-S_wYYwrxOpcW1DDSVFLCkeWpHKsMcMzTPN_i5oYEr5vw-LxEqwAKNsFpwL52XrBay9sZVQCOmyxbdGiNmVhacEi0Pr7vMwjzCvfoNqITagEZaoet_AXpTc-aFlFrIvwBfKmgz5bzvQB_XtHxCwzdtn6hdMy1t2n9ZDSexw_BG0-7g5bLL7NiWfWcOO7PH09JPR-uEGjAPGyeQUxR7HzVZa1SnneqNDbW2svNae8U7E52IvSXpnIlaCa08RxsF2cAJ7l8_Jp0_:1uVR0c:JMIA8v7Eid3xQfTt0w44BKyr2CYVdmgsf26KaCbyzDM",
    "expire_date": "2025-07-12T08:34:02.035Z"
  }
},
{
  "model": "sessions.session",
  "pk": "bxqaehagpbq49mrcw5s61up0zjbtv7q2",
  "fields": {
    "session_data": ".eJxVkE1uhDAMhe_iNULBEBJYdXqNqkIhcURUJozi0B-N5u6FKarEzvLz-_zsOxhrlzXm4ZNS8IHcQFcTZujjOs_Fv2rWPFHMwZocljhcKU-LY-jf7vBXQw83w_y1JAebLUNfKVmhQil1Kbu6q7Ep4GBvo3lhphefiEqf4PFewHPHsDKlIew4XcGpORr7QXFXzDzv7fIIVz5nDpnLyynq6-E6oSbD08ZBVLVC1G3rnRRkxlF3wmuBaiQ0RqIUzXZDbXHESgnpnbCda7RzUru2FTuUiXn_CH3fQvqBXjx-AUFfceg:1uW9zb:xBNbtw1OSrmQ3D-iFXvKa4VHlQ_kzkiEkk6gW112yjU",
    "expire_date": "2025-07-14T08:35:59.765Z"
  }
},
{
  "model": "sessions.session",
  "pk": "c9841nxw9ilgtm84vqpy9h11cdc6y2qn",
  "fields": {
    "session_data": ".eJxVkE1ug0AMhe_iNUIzJvMTVk2vUUXIzHgEKoEID0qrKHdvoGzYWX7Pn5_9BAphWsbc0JI7HnMfKPfT2Nw4d1MUqL-e8F9DDXcSeUxzhAIoQ62d0eis9aZ0WKlK-wL4Rv2wWfMkwh9pZi7TDK9rAduOZhGem37FeQ2HZkvhm8dVoWFY2-Uertw8uyzl5RD1c586oDqS7s1BdJVD9NamaBRT2_qzSl6haxmJDBp1et9QBWxRO2VSVOEcTz5G46O1aoUKi6wf4Z97P_9CrV5_wjtmfA:1uWB4A:yWI8fpahICejl7fYCo4NUZmePj8PDDN4tDqpOcT-b_g",
    "expire_date": "2025-07-14T09:44:46.598Z"
  }
},
{
  "model": "sessions.session",
  "pk": "cbj56fq1iwb8ngzqmv5axyk2enmy19dd",
  "fields": {
    "session_data": ".eJxVkM1uhDAMhN_FZ4TyR0g4tX2NqkIOeJuoQFYkaLda7buXbLlws2bGn0d-AA5D3Jbc45Y9LTkMmENc-pmyj2OC7vMB_zN0cMWUbnEdoQLM0PG24VJZbUStWcOtkhXQjGHao27dljjj97TD6M3HXPR6iDM8vyp4Xeu3RGsfCtgIOIkOhx9aioPTVOT6qFm_Moed6vdT6Y9j64TymPzO4cI10mpndCM1J2edtIq4kAwvTpuWWaGtuRg1MtEq3QrHRkecGtMqKyUv0EQpld_Q_RrWX-jY8w91PGoF:1uWU3X:tkH_bNmtdWOJ5X9NQyadGQUMpyDY0kB_i4dFtKNZJ6g",
    "expire_date": "2025-07-15T06:01:23.518Z"
  }
},
{
  "model": "sessions.session",
  "pk": "d26ku01a3x6aku4j243xcr8lsgf3rlj5",
  "fields": {
    "session_data": ".eJxVkMluhDAMht_FZxSFCdk4tX2NqkImMSUqyygJmqlG8-4lUy7crH_5bPkB6Ny6LbnDLY-05OAwh3XpZsrj6hO0nw_4n6GFK6Z0W6OHCjBDW2tZc2tVYxg3tuFNBTRjmPbkXpgxsRxxCRTfvovM3DrD86uC165uSxS7ULBawkns0f3QUhycpiKz40j2yhx2Yu-nkz-O1gk1Yhp3jiMjyA_WS9JaiV4aMSjtGqkvvZXSCt4rb2o_aLoYo7wUtRSWo_Y1acepQBOlVD5D92uIv9Dy5x_Lkmpp:1uVR0i:XVirje5Vcqw0MXYsiz8YmOiIYZVZBPe7eM1wrNEwksQ",
    "expire_date": "2025-07-12T08:34:08.953Z"
  }
},
{
  "model": "sessions.session",
  "pk": "d4r9gbugkqk598vbztp8bn9mebyexazs",
  "fields": {
    "session_data": ".eJyNUctugzAQ_Jc9oyggVQSf-h9VZW3tDVgxNvKjKUL8e9eUElW95OT1znhmdr0AKuWzS_KTgrka0pJGNBaEy9ZWB2p9bxyIBXKkIKcbCGgaqGAj728VJuOZBCM6jcmHmQnR9C5PIK5oI1UQSJtAKskcDo_dkJ-FZNxJDRgC2de-tE_Kj6wyDd7RL79IopW3O4Y-Hs2EiUpALnqKpdoyy49ZKq83iEMhn2sFAye0pEGkkInv2wCz3G2eYO6ZH0yGVObcLvEkf0gFMs4kwwG1RMbr9qU-d3Vbd6e6u1yapl0fm8acBlbZtylHSoPXPM_bAj81608Y490HzZv5r9ex4BNLXd8rkJFiLC70NRn-LnFevwGjRLiy:1uVOwp:mORPM--786wW27ThnzRGG4Q3fRMn9h_R_usDkkkL3ds",
    "expire_date": "2025-07-12T06:21:59.485Z"
  }
},
{
  "model": "sessions.session",
  "pk": "d9t34p4q9hxnsdm8stzp0nnegvgorjsj",
  "fields": {
    "session_data": ".eJxVkM1ugzAQhN9lr0XI2OHHnNK-RlSh3bURVokdYZO2ivLuxSkXbquZ2W9H-wBkDqtPA65psj45xuSCH642TcFE6C8P-J-hhxvG-B0WAwVggr5qa9G1ohKi7GRTnbQswF7RzVv07jxvuDd1Nshfdik5wPOzgNedYY12GVxG1nDQKId9NnCes1zu_cpXZrdj-X5o-7FvHVATxmnjWFNXVuKoR6auUTyOirQWJDulGiaqiPSG7WoyaITSdNJUozStEtYQywyNNsb8FPtzc8sv9OL5B2O9acY:1uUTIK:vTeAW2w6-jccZAz7bMmR7G_yMO4vVBNIIamioUu7eEU",
    "expire_date": "2025-07-09T16:48:20.931Z"
  }
},
{
  "model": "sessions.session",
  "pk": "do1nks0a58v0ws426jcevdjfhe4m7inv",
  "fields": {
    "session_data": ".eJxVUEFuhDAM_IvPCCXshjic2n6jqpBJTEGFZEWCuqvV_r2EcuFmz9gzYz-BrA2rTy2taWCfRktpDL6dOQ3BRWg-n_BfQwM3ivE3LA4KoASN1EpeDFZGlQpr1FIWwDON0zZKE9_Ju4Vpmmh5oHn7zkxpwwyvrwJ2v3aNvLRjltY1nMCO7A97tytNGS6PoOU-c9CxfD_F_ji2TlIDxSE7oO6tUBclu85ViNqaTmIvKrFdgNIp7a6oyTl1NZVTAmvT9azRsK62vs-ikWPM3-H7bVwe0IjXHzZMa0Q:1uWghc:VEsVqiit5HpVDSEnX9aBwYNlw6EEsQCDkUT2YJO2XVk",
    "expire_date": "2025-07-15T19:31:36.446Z"
  }
},
{
  "model": "sessions.session",
  "pk": "e1o85lim3kxa6x130b3o2iyjaotsz5yl",
  "fields": {
    "session_data": ".eJxVkE1uhDAMhe_iNUL5IySs2l6jqlACpkQNyYiEmVajuXvJFFViZ71nf372HcwwxC3k_oqrmxyOPS7GeejC5n3175otzxiyG0x2MfQL5jmOCbr3O_zV0MHFpHSL6wj7WIaOtg1lraCC1g0lTAhZwcEGu24hLubT7zB8mWMuej3EBR4fFTy39VvCtXcFrBicRGuGLwzFMd4XuT5i1s-ew0716yn02zF1Qs0mzTuHMttwLa2SDZcUrbZcC6SMEzNZqVqimdRqUmIk-0myZZaMFik2qhWac1qgCVMqv8Hvi1t_oCOPX057dVg:1uWAP8:2b-cyDILWo_KgJmqQl8A-jKqmEuwVA5ui6L4xyoVJx4",
    "expire_date": "2025-07-14T09:02:22.646Z"
  }
},
{
  "model": "sessions.session",
  "pk": "ecke2lxpqwutnjbeckypbp423kuphete",
  "fields": {
    "session_data": ".eJxVkEtuhDAMhu_iNYqSyeTFqu01qgqZxJSoEEYkqK1Gc_eSKRt21v_4bPkO6P2ypdLhVkZKJXoscUndTGVcQob2_Q7_M7Rww5y_lzVAA1igFUYJ4YywnF2F4MLqBmjGOO3RvTFjZmXFFGl9-awy88sMj48Gnsu6LdPaxco1Ck5ij_6LUnVwmqrMjivZM3PYmb2ebn47WifUiHncOZ6spDC4oMgYLXtl5aCNvypz6Z1STvJeByvCYOhirQ5KCiUdRxMEGc-pQjPlXF9DP7e4_kLLH38E9mqL:1uVqNp:UfGu-V_K3FP86PtJLdo1RttPDTq0LiLmnd9u8M68fL4",
    "expire_date": "2025-07-13T11:39:41.267Z"
  }
},
{
  "model": "sessions.session",
  "pk": "f6t6yi7arwpsprc262fitxgfuy5fcdk2",
  "fields": {
    "session_data": ".eJxVkMFugzAQRP9lzwjZ2ME2p6a_UUVoWW-LVcARNkqrKP_eOOXCbTUz-3a0d0CiuC25xy2PvORAmENc-pnzGH2C7uMO_zN0cMWUbnH1UAFm6KQ5SeVaaXRtnZVt21TAM4bpGaWJ509e12DV21fRaoozPC4VvC71W-K1DwVqDRzEAembl-LgNBW53ivWr8xup_p8KPy-bx1QI6bxyVGItmXXqMGTN1IJUqQNej1o4xShc5oN6cY3jXEnrQmFkILJK8de2LZAE6dU_sI_17D-Qicef3I_aUk:1uWg9P:3ixb1zzfT90vawkfI57z2v_rhCnqci39hh4PWW-6e34",
    "expire_date": "2025-07-15T18:56:15.758Z"
  }
},
{
  "model": "sessions.session",
  "pk": "faqck5io5h4ohzt2w9ymp0cjfsdhmfnz",
  "fields": {
    "session_data": ".eJxVkEtuhDAMhu_iNYrIhOCEVdtrVBUyiSlReYxI0Ew1mruXTNmws_7HZ8sPIOeWbU4tbWngOQVHKSxzO3EaFh-h-XzA_wwNXCnG27J6KIASNBK1LK2tKyWsrVBpLIAnCuMe3RsTRZFWmgOvb99ZFm6Z4PlVwGtZu0Ve25C5qOEkduR-eM4OjWOWxXGleGUOO4r3080fR-uEGigOO8exUex76zUj1qrTRvU1ukrjpbNaW1V2tTfS98gXY2qvldTKloReMrqSMzRyjPk1fL-G9Rea8vkHH81qpw:1uVR0e:tquKqfrB_KX9wmmNfECY86n6HWl2VVnL5BwvfL0yg4A",
    "expire_date": "2025-07-12T08:34:04.855Z"
  }
},
{
  "model": "sessions.session",
  "pk": "ff9gozeyjxn9pfbr9nfw7wkwy1kwu9yl",
  "fields": {
    "session_data": ".eJxVkMFuhDAMRP_FZxSRQDDh1PY3qlVkgleJCmRFgrrVav-9zZYLN2tm_DzyA8i5uK_Z0p49rzk4yiGuduHs45Rg-HzA_wwD3Cil77hNUAFlGCRq2bayk70wKDWaCnihMJdk4G1jS-v05mMuonBxgeelgtcluyfebChQVHASR3JfvBaH5rnI4qgoXpnDTuL9VPjj2DqhPCX_x2lH5ZhNrbvGsZyYFPZ6lIjaNdqgarXT3PFVNjh2sukNN1LV2qkr9oimK9DEKZW_8P0Wth8Y6ucv2D9pFg:1uWryN:zgsD_rUuwbowrcQ0JILmVp2laE9SDu6qraQAMPjmjDM",
    "expire_date": "2025-07-16T07:33:39.831Z"
  }
},
{
  "model": "sessions.session",
  "pk": "fkag1jjp1jheikw7uk806pr7j5xec9pp",
  "fields": {
    "session_data": ".eJxVkEtuwzAMRO_CtSHol8jyquk1isCgKbYW6k9gyUiLIHevlXrjHTEcPg75ACSa1ym3uOaepxwJc5ynduTczyFB8_GA_xoauGFK93kJUAFmaJQ7KeuU1FrYk7XGVMAjxmFz0sDjJy9LrM3bV9EEzSM8rxW8FrVr4qWNhVk7OIgd0jdPpYPDUGSxJxQvz95O4nLI-75PHVA9pn7jGMT6zF6bLlBwykgyZB0G21nnDaH3lh1ZHbR2fruDUEolmYLxHGR9LtDEKZW38M8tLr_QyOcfDnBo-g:1uWzcd:umSNwWZiP-F4OPc0QWgcAYY1ugm_dJi_cpP3N_p3agE",
    "expire_date": "2025-07-16T15:43:43.340Z"
  }
},
{
  "model": "sessions.session",
  "pk": "h0c0yntewjlx2j5h671y2byy86v4pc3j",
  "fields": {
    "session_data": ".eJxVkM1uhDAMhN_FZ4TyR0g4tX2NqkJO8DaoQFYkaLda7buXbLlws2bGn0d-AHoftyX3uOVASx495jEu_Uw5xCFB9_mA_xk6uGJKt7gOUAFm6HjbcGGk0qpmRisjRQU04zjtUbduS5zxe9ph9BZiLnrt4wzPrwpe1_ot0dqPBWwEnESH_oeW4uA0Fbk-atavzGGn-v1U-uPYOqECprBzuHCNtNoZ3UjNyVknrSIuJMOL06ZlVmhrLkYNTLRKt8KxwRGnxrTKSskLNFFK5Td0v47rL3Ts-QdzM2oD:1uWCpU:mukeaOrclQG7ojlfyvUdt0Kocy3ws0OR6gxNlG-1yMo",
    "expire_date": "2025-07-14T11:37:44.936Z"
  }
},
{
  "model": "sessions.session",
  "pk": "h3m5mcyf4vskltcamttg7vhhqknyrqo3",
  "fields": {
    "session_data": ".eJxVkEtuhDAMhu_iNYrIZBITVm2vUVXIJKZEhTAiQW01mruXTNmws_7HZ8t3IOeWLeaOtjxyzMFRDkvsZs7j4hO073f4n6GFG6X0vaweKqAMrUQta2vN1QpEqYysgGcK057cCzMlkVeKgdeXzyILt8zw-KjguavbEq9dKFjUcBJ7cl8ci0PTVGRxHCmemcNO4vV08tvROqFGSuPOcdwo9oP1mhGN6nWjBoPuqvHSW62tqnvjG-kH5EvTGK-V1MrWhF4yupoLNHFK5TP8cwvrL7T14w_MlGpq:1uVR0k:SummxOog8e08RbA4foU4l3Ds-3sx42zeph3LzeAqZYs",
    "expire_date": "2025-07-12T08:34:10.627Z"
  }
},
{
  "model": "sessions.session",
  "pk": "hwviln5h02yhqq1mazds9z346rdrpf89",
  "fields": {
    "session_data": ".eJxVkMFuhDAMRP_FZ4RIsokTTm1_o6qQCV4lKpAVCWqr1f57my0XbtbM-HnkO5D3aV_LQHsJvJboqcS0DguXkKYM_fsd_mfo4UY5f6VtggaoQC9QC4nGatOics5Z0wAvFOcajbxtPNA6vYRUqtj6tMDjo4HnqWHPvA2xUlHCSRzJf_JaHZrnKrdHx_aZOezcvp4avx1bJ1SgHP44l1F6ZtdpozyLiUmi1aNA1F5ph_KivWbDV6FwNEJZx0rITnt5RYvoTIVmzrk-hr9vcfuBvnv8AjTGaV0:1uWB6v:NSeehvz8lU6ifQUFTr-fJZvRX4rN56C4-rhh5wbpa9U",
    "expire_date": "2025-07-14T09:47:37.595Z"
  }
},
{
  "model": "sessions.session",
  "pk": "ij5qfikbpr7intu6ba82jd5085ovifb5",
  "fields": {
    "session_data": ".eJxVkM1uhDAMhN_FZ4QCDiTh1O1rVBUyjlui8rMiQW212nfvZsuFmzUz_jzyDYh53ZfU055GWVJgSmFd-lnSuPoI3dsN_mfo4Eoxfq-bhwIoQVeZpkKHFk3ZuFZZbAuQmcL0iPIk84dsW7D48pm1ktcZ7u8FPC_1e5StDxlqDZzEgfhLluzQNGW5PCqWz8xhx_JyKvx6bJ1QI8XxwUEi24qrcfDsTYWKkbUhrwdtHDI5p8Wwrn1dG9dozaRUpYQ9OvHKthkaJcb8F_m5hu0XOnX_A3I8aUk:1uWfXi:jFAIgw7r8jSqZ47I3IUTiwg_owz2mnk2eutv2Tmoal0",
    "expire_date": "2025-07-15T18:17:18.459Z"
  }
},
{
  "model": "sessions.session",
  "pk": "jlekn6dul9mrvlum3tjrl7d9do8xpmuh",
  "fields": {
    "session_data": ".eJxVkMFuxCAMRP_F5whBAgvk1PY3qipyiNvQJrAKoLZa7b83bHPJzZoZP498A3QulpAHLHmmkL3D7GMYVspznBL0rzf4n6GHK6b0HbcJGsAMvdBKdMaIi2W6tVZL3QCt6Jc9-lkWj4HlWHbe00dVmYsr3N8aeNwaSqJt8BVrDJzEEd0XhergslSZHSXZI3PYiT2fKr8cWyfUjGneOdR1qKVVTggzCa6kJSOIS6K999h28qKRI7dOESlJ2oxSj-92Usa1pp14hSZKqX6Gfq5--4We3_8AiKJp_Q:1uWe4I:x35dCpKPYefLPU7kL8zXD2uJTzDRS5UoDP6hnP11TXk",
    "expire_date": "2025-07-15T16:42:50.586Z"
  }
},
{
  "model": "sessions.session",
  "pk": "jpwb1n0w7bxpttj4f0709q7lyx185gre",
  "fields": {
    "session_data": ".eJxVkEtuwzAMRO_CtSFYlvXzqu01isJgZKoS6k8gyWiLIHdvlHrjHTEzfBzwBujctq9lxL0EWkt0WOK2jguVsE0Zhvcb_M8wwBVz_t7SBA1ggYFryYXseiuYMq21Xd8ALRjnR3TBVOLKXMCUaH75rDJz2wL3jwaex8Y9Uxpj5eoeTuIF3Ret1cF5rjI7WrJn5rAzez11fju2TqiAOTw4rddekFSi9ci5lZOxvdECBUq6aKU9Ge0seuwIOTkjlRdW9aim1nVCmwrNlHN9Df1cY_qFob3_AQfvatk:1uWUms:tqaCPxgayA32_Y4Gz0ZVrXUupTEy7nA3a2MdkDuW0u8",
    "expire_date": "2025-07-15T06:48:14.578Z"
  }
},
{
  "model": "sessions.session",
  "pk": "kfwr1m3m47jjcxf0ni1fz2bje6w9xoqx",
  "fields": {
    "session_data": ".eJxVkMtuhDAMRf_Fa4TyIg9WbX-jqpADnoIKyYgEzVSj-feSKRt21vX18bUfgH0ft5A73PJIIU895imGbqE8xiFB-_mA_xpauGJKt7gOUAFmaLlpuNSGKVdbLYxSFdCC07w7_bqFuOD3vLPobYy56HUfF3h-VfBa1m2J1m4qXCvgJHrsfyiUDs5zkesjZf3yHO1Uv58yfxxTJ9SIadw5XPhGOu2tbqTm5J2XThEXkuHFa2uYE9rZi1UD2w_RRng2eOLUWKOclLxAE6VUXkP367T-Qsuefy4QadU:1uWYZe:tmkWd3__QAK5UFGjrT4DOEZyuGFnUPmQLQlS5X6xjlI",
    "expire_date": "2025-07-15T10:50:50.769Z"
  }
},
{
  "model": "sessions.session",
  "pk": "kjwpznrftsxd49t6ghuqe7ffsepr2uef",
  "fields": {
    "session_data": ".eJxVkM1uhDAMhN_FZ4TyQ0LCqe1rVBVywNtEBbIiQbvVat-9ZMuFmzUz_jzyA3AY4rbkHrfsaclhwBzi0s-UfRwTdJ8P-J-hgyumdIvrCBVgho63ijfSNoLXinGhRAU0Y5j2pFu3Jc74Pe0sevMxF70e4gzPrwpex_ot0dqHwjUCTqLD4YeW4uA0Fbk-WtavzGGn-v3U-ePYOqE8Jr9zuHBKWu2MVlJzctbtvYkLyfDitGmZFdqai2lGJtpGt8Kx0REnZdrGSskLNFFK5TV0v4b1Fzr2_AMZAmm_:1uWrOw:7ADcxzph2oEBbdqj2Cyh9SRs9nJvIezoXY_mjkzND3Y",
    "expire_date": "2025-07-16T06:57:02.357Z"
  }
},
{
  "model": "sessions.session",
  "pk": "lh90765vxlem21ipppa8ywo121thcdqi",
  "fields": {
    "session_data": ".eJyNj9FuwjAMRf_Fz9VEtqVM_ZnIJKZYhKRyE1CF-u9zS8fEG2-x77HuyR3Q-1xTcVcSPjIFRxfkCF2qMTbPNOaeE3R3qCOJG87QwaeFBlZ4u_VYOCsEF0wBS5ZJgZH7VAfoilRqQCiwkC-uyrPipW845UR_w3KL0Z1vKP2o5bOuChZaPPTR07KEVc0dJudzWCPtxgd9UpFI4dGu8-o5ua3kDXJz-yc18lWEUtF_vkBLxIkLq2BwqLnZW2NM-_VtP-zOtK39medfVJmBgA:1uVVM1:qfiBsESSYi8XxBaqplsP70R0EYmi6Yz2sDwgw_X8N_I",
    "expire_date": "2025-07-12T13:12:25.801Z"
  }
},
{
  "model": "sessions.session",
  "pk": "lv9btstgmwurxntnbuy6i6oe8vjeamc8",
  "fields": {
    "session_data": ".eJxVkNFugzAMRf_FzwgF4hLC07rfmCpkHG9EA1KRoG6q-u9rOl54s-69Pr7yHYg5bEvqaUujLMkzJR-WfpY0Bheh-7jD_wwdXCnGW1gdFEAJusqcKmwai3WJ1uimwgJkJj89ozzJ_Cnr6lv99pW1ksMMj0sBr0v9FmXtfYa2Bg7iQPwtS3ZomrJc7hXLV2a3Y3k-FH7ftw6okeL45GiithFb68GxM5VWrBkNORzQWM1kLYphrF1dG3tCZFKqUsJOW3GqbTI0Soz5L_Jz9esvdOrxB22RaUQ:1uWyYp:sTMLO6P0uYRfMLbMEtTU7VejI94WUz98ReRYPaV9yBs",
    "expire_date": "2025-07-16T14:35:43.347Z"
  }
},
{
  "model": "sessions.session",
  "pk": "m1mgp47ltjtu23rv7ck8f87jdu0pk8z9",
  "fields": {
    "session_data": ".eJxVkE1uhDAMhe_iNUIhP4SwanuNaoRMYpSoEEYkqNOO5u6dTNmws9-zPz_5Dmjtusc84J49xRws5rDGYaHsV5eg_7zDfw09XDGl73VzUAFm6ButGqF4q1XdMKW4EBXQgmF-ji645RAdzb8Y85tfc9HraYPHpYLXsWFPtA2hcHUHJ3FE-0WxODjPRa6PlPVr5rBT_X7K_HFsnVAek39yLDetmaRT7chHQR2aFpmcRsatLo3TRjJBUqJjTpDqyKGRpmuMtohMF2iilMpr6HYN2w_07PEHTXlrJA:1uWUpo:4lkrfWQw4zMF_Fm5uB7MGX2F7vcaO5FRdzTEwi-vEGI",
    "expire_date": "2025-07-15T06:51:16.013Z"
  }
},
{
  "model": "sessions.session",
  "pk": "m727l6njd7ddeclpndut2vpxi4ri8n33",
  "fields": {
    "session_data": ".eJxVkEtuhDAMhu_iNYoIaeKEVafXqCpkElOiDjAiQW01mruXTNmws_7HZ8t3IO-Xbc4dbXnkOUdPOS5zN3Eel5Cgfb_D_wwt3Cil72UNUAFlaCVqKRt0FoU0ytSuAp4oXvfkXpgoibzSHHl9_Syy8MsEj48Knru6LfHaxYJFDSexJ__Fc3Hoei2yOI4Uz8xhJ3E5nfx2tE6okdK4czxbxWFwQTOiUb22ajDoXzQ2vdPaqbo3wcowIDfWmqCV1MrVhEEy-poLNHFK5TP8c4vrL7T14w_JgGpn:1uVYNo:mSAVe0N09Oq-pn2j2zlTIf8SHQZcgKLr16U3o-GeOrU",
    "expire_date": "2025-07-12T16:26:28.022Z"
  }
},
{
  "model": "sessions.session",
  "pk": "mrqehuwsgyyv5xaovhpib1lrwvotfj29",
  "fields": {
    "session_data": ".eJxVkMFuhDAMRP_FZ4QSk0CWU9vfqFbISYxAZckKB3Wr1f57C-XCzZoZP4_8BAohrXPuaM0Dz3kMlMc0dzfOQ4oC7ecT_mdo4U4i32mJUABlaHVjtbHKuro0FRpnCuAbjdOezEmE3_qFuewXeF0L2E90q_DSjRvNaTiJnsIXz5tD07TJ5dGt3DOHLeX7qenHsXVCDSTDHwexqRpEV9d9tIrJe3dRvVPYeEYii1YZq7EK6FE3yvZRhUs0LkbrYl2rDSossj2EH_dx-YFWvX4BeDlmRw:1uWuJ1:36LtLyieDBTlGU0167eaOF3AIfZ9hKnfM39T7yAYBxc",
    "expire_date": "2025-07-16T10:03:07.307Z"
  }
},
{
  "model": "sessions.session",
  "pk": "n5nqp66mx3m28fjnnsbgablc7lkn9k6c",
  "fields": {
    "session_data": ".eJxVkEFuhDAMRe_iNUIJBEJYtb1GNUImMUpUSEZJUKcdzd07mbJhZ_9vP3_5Dqh12H2ecM-WfHYaswt-2ijbYBKMn3f4r2GEK6b0HaKBCjDDyGXHuVJNy2oh254zUQFt6Nbn6IYxO29o_UWf32zIRa-XCI9LBa9j054oTq5w5QAncUb9Rb44uK5Fro-U9WvmsFP9fsr8cWydUBaTfXJ0o3q1CNP1czO3NKDqkYllZo2WpTFSCdaSEGiYaakbyKASauBKakQmCzRRSuU1dLu6-AMje_wBT3NrJg:1uVqut:BK68heKe9LuDunjy3evmmOaDUIRyKJbf_7_AnvIXJ5U",
    "expire_date": "2025-07-13T12:13:51.313Z"
  }
},
{
  "model": "sessions.session",
  "pk": "nhcripzy1ttk3rrbr819bv4efy6u9168",
  "fields": {
    "session_data": ".eJxVkM1uhDAMhN_FZ4TyR0g4tX2NqkIOeJuoQFYkaLda7buXbLlws2bGn0d-AA5D3Jbc45Y9LTkMmENc-pmyj2OC7vMB_zN0cMWUbnEdoQLM0PG24UpaJVjdCGmUMRXQjGHao27dljjj97TD6M3HXPR6iDM8vyp4Xeu3RGsfCtgIOIkOhx9aioPTVOT6qFm_Moed6vdT6Y9j64TymPzO4cI10mpndCM1J2fdXpy4kAwvTpuWWaGtuRg1MtEq3QrHRkecGtMqKyUv0EQpld_Q_RrWX-jY8w907moF:1uWrOv:mMX-2dxaY0zpZoHqLhXUkMwmJ-DJ2pcY2xYcuZJlBBA",
    "expire_date": "2025-07-16T06:57:01.399Z"
  }
},
{
  "model": "sessions.session",
  "pk": "nihz1xupb335o0m9fzyovwch7a919gq7",
  "fields": {
    "session_data": ".eJxVkE1uhDAMhe_iNUL5gZCwanuNqkIOeBpUSEYkaKYazd2bTNmws96zPz_7ATiOYfdpwD058mkeMc3BDyslF6YI_ecD_mvo4Yox3sI2QQWYoOddyxvVMaPrlgkppamAVpyX3Gq33YcVv5cMozcXUtHrMazw_KrgtW3YI23DXMBawEm0OP6QLw4uS5HrI2b96jnsWL-fQn8cUyeUw-gyhwvbSqOsVq1UnKyx0jTEhWR4sUrnI4Qy-qKbiYkuHyUsmyxxanXXGCl5gUaKsfyG7td5-4WePf8AdD5qBA:1uWybL:w3pmpYjgdER7hfshRT_Owym6dgzKjbJJadn7fn9TCgo",
    "expire_date": "2025-07-16T14:38:19.410Z"
  }
},
{
  "model": "sessions.session",
  "pk": "o8chuirugvez89gnl384a3dvsm41wbvv",
  "fields": {
    "session_data": ".eJxVUMtugzAQ_Jc9I4QNxmtObX-jqtDaXgoqjwgbJVGUf09MuXDbnZmdGe0DyLllm2NLW-x5joOjOCxzO3HsFx-g-X7A_wwNXCiE67J6yIAiNEIrUapS1HWuVFlhBjzRML6FNPKNZr8yjSOtdzQfv4nJ3TLB8yeDPa3dAq_tkIx1DSfQkvvj2e9OY4Lzo2a-aw465J-n0l_H1cmqp9CnBNSdK1SphLVeImpnrMCukAVKg8Ir7SvU5L2qjPSqwNrYjjUa1vK9d8k0cAjpN3y7DOsdmuL5ApDsas0:1uWUxj:yrnQRBDf6-3_Wc0tIzRZyxcanqH78zqRkaKGkWH5xyw",
    "expire_date": "2025-07-15T06:59:27.444Z"
  }
},
{
  "model": "sessions.session",
  "pk": "o9f96r2keg3radruxlevya09g93zvww0",
  "fields": {
    "session_data": ".eJyNUdFuwyAM_Bc_R9USrUuTp_3HNCEX3ASVQGRgXVXl32eyrNW0lz1hfMfd2dwAtQ7ZJ_VBbE-WjKIJrYPeZ-eqO-rCYD30N8iRWM1n6KExUMFK3t5qTDYICSb0BlPgqxCiHXyeoT-hi1QBk7FMOqnMd4_NEI6BbdwNSJw88etQ2jsdJlGZx-Dph18k0anzBXmI92bCRCWgFAPFUq2Z1fGqdDArJKFQzqWCURI6MtAnziT3dYCr2mz-wdwyP5gC6cxMPskkv0gFst4mKwGNQsHrdl83Xde07e5Qdy9d-7w8No05jaKybVNNlMZgZJ63G3zXoj9jjJfA5QP-6h3qZv-PpS7vFahIMRYX-pytfFf_tHwBGny5Dg:1uWGwY:74O7859Wgf0avxC0GdgBQBJ5pCKcNy3_36I4vl7zPKg",
    "expire_date": "2025-07-14T16:01:18.112Z"
  }
},
{
  "model": "sessions.session",
  "pk": "ogrurqf917q30459evs1n3vizs8z76fo",
  "fields": {
    "session_data": ".eJxVkMFuhDAMRP_FZxQlJCEJp7a_UVXIBLekBbIiQbvVav-9ZMuFmzUzfh75Duh93Jbc4ZZHWnLwmENcupnyGIcE7fsd_mdo4YIpXeM6QAWYoRVGC6UaKzWrZSOdrYBmDNOe_N6mgAvLcdtxL19FZT7O8Pio4Hmq2xKtXShUa-Ek9uh_aCkOTlOR2dGRPTOHndjrqfHbsXVCjZjGnUNSolFOeyHsILhWjqwgrohq5_paqsYgR-68JtKKjO2V6T_doK2vbT3wAk2UUnkM3S5h_YWWP_4AL7tpug:1uWtKW:VAK4NiswO4fmCTylg6kfmAiml8u5H5_2X1q6WyXDR2o",
    "expire_date": "2025-07-16T09:00:36.107Z"
  }
},
{
  "model": "sessions.session",
  "pk": "orq5a5gcst0lkxrnw8jfpzjyw2vsiqwp",
  "fields": {
    "session_data": ".eJxVjDsOwyAQRO9CHSHw8k2Z3mdAC4uDkwgkY1dR7h5bcpFUI817M28WcFtL2HpewkzsyiS7_HYR0zPXA9AD673x1Oq6zJEfCj9p52Oj_Lqd7t9BwV72NWYNZL11SinS4Kc9wSSTokrGCm2EQDIyokCXsxsSRekNeAIB0yAd-3wBzWs3Qw:1uUPoG:PiIzFfEcc9wMM8M3sDkX_lPV-3EJdCozlwLJnZXOyaQ",
    "expire_date": "2025-07-09T13:05:04.518Z"
  }
},
{
  "model": "sessions.session",
  "pk": "oxrgec0n38cw4cvysq1ywvaftjpnn3sp",
  "fields": {
    "session_data": ".eJxVkEtuwzAMRO_CtSHIkfXzqu01isKgJboW6k8gyUiKIHevlXrjHTGceRzwAejcui25wy2PtOTgMId16WbK4-oTtJ8P-J-hhSumdFujhwowQ1trWXNrVaOYMFJfdFMBzRim3bonZkwsR1wCxbfvIjO3zvD8quB1rNsSxS4UrpZwEnt0P7SUDU5TkdnRkr08xzqx91PnjyN1Qo2Yxp3jyAjyg_WStFail0YMSrtmb91bKa3gvfKm9oOmizHKS1FLYTlqX5N2nAo0UUrlNXS_hvgLLX_-ARsQaqI:1uVR0h:4e2jqXSUo5eX6IUjbdvP7sBzGc64rcO_PQvVLCh_Bl0",
    "expire_date": "2025-07-12T08:34:07.231Z"
  }
},
{
  "model": "sessions.session",
  "pk": "p2fiohaxsv4cayngie2bds1iyue77kmb",
  "fields": {
    "session_data": ".eJxVkE1uhDAMhe_iNULkP2HV9hpVhZzgKahARiRophrN3UumbNhZz8-fn_0ADCFuS-5wywMteQyYx7h0M-Uh9gnazwf819DCFVO6xbWHCjBDy4xiUlljRC0FU4bzCmjGcdqtft2WOOP3tMPobYi56HWIMzy_Knht67ZEazcWsOVwEj2GH1pKB6epyPURs355jnaq30-hP46pE2rANOwcxr0STnurldCMvPPCSWJcNHjx2prGce3sxcq-4UZqw33Te2K0nyedEKxAE6VUfkP367j-Qts8_wBzamoD:1uWwR4:xNbHe8MCtKMxuB0ONzHE1ikogyk1lvvwYP5C883d0ds",
    "expire_date": "2025-07-16T12:19:34.319Z"
  }
},
{
  "model": "sessions.session",
  "pk": "p5tkkw7lrwum1vteb4g1lyds3gziqwdl",
  "fields": {
    "session_data": ".eJxVkMFugzAQRP9lzwjZ2Ikxp6a_UUVoWW-LVcCRbZRWUf69OOXCbTUz-3a0D0CisC65xzWPvGRPmH1Y-pnzGFyC7uMB_zN0cMOU7iE6qAAzdNKcpFbGCltLK6WxqgKe0U9blCaePzlG36q3r6LVFGZ4Xit4XerXxLH3BdoaOIgD0jcvxcFpKnK9V6xfmd1O9eVQ-H3fOqBGTOPGUYjtmW2jBkfOSCVIkTbo9KC3zoTWajakG9c0xp60JhRCCianLDvRngs0cUrlL_xz8_EXOvH8A2uMaUI:1uWr0Y:cJkV3VTJDIQ-0JV6a9-6xR8SmVzRQwZyT6JKAiuSu7o",
    "expire_date": "2025-07-16T06:31:50.055Z"
  }
},
{
  "model": "sessions.session",
  "pk": "p5zxi22ritfi6ykikufl5vjfbm16mnpr",
  "fields": {
    "session_data": ".eJxVkE1ug0AMhe_iNUIzhvkJq6bXqCpkZoxAJUyEB7VVlLs3UDasbL1nf37yAyiEtM65pTUPPOcxUB7T3N44DykKNB8P-O-hgTuJfKclQgGUodHO6NoqbV1ZvSoaUwDfaJz20ZxE-K1fmMt-gednAfuNdhVe2nHDeQ0nsaPwxfPm0DRtcnmEK_eZw5byeor6fmydUAPJ8OIgusohemv7aBRT1_mL6r1C1zESGTSqNhqrgB1qp0wfVbjE2sdofLRWbVBhke0j_HMfl19o1PMPubRmcw:1uWwnY:NcmGMBrz0LhAcn_wg03nVZ0iXxFpyDd64yl24Hv3E04",
    "expire_date": "2025-07-16T12:42:48.239Z"
  }
},
{
  "model": "sessions.session",
  "pk": "p8wpzs3ah517kpoggd5cojqav28rig9o",
  "fields": {
    "session_data": ".eJxVkMFugzAQRP9lzwhhg23g1PQ3qggt9jpYBTvCJk0U5d8bKKrEbTWz83a0T0Ctw-JTd6PZWUemowndCK1fxjH7d3FJA_nkNCYXfDdRGoKJ0H494W-GFq4Y40-YDbxjCVqmBCulKEuZcyYblcFOBhzpjt7MdAmGHh-XVc51mOB1zmA71S2R5s6t1LqAg9ij_iZvNsy4yvneMd92djvmp0Pjzz11QA0YhzdHakHW6rqqBGlLRuoCK6640LJXskGLJetlwxXTvC4roVCSldwyRKt6kis0UozrY-h-dfMD2uL1C45XdrI:1uWY81:CcUZWav61y-5bSTe-3I8uEae9r7zxgTLigcBktEijXk",
    "expire_date": "2025-07-15T10:22:17.454Z"
  }
},
{
  "model": "sessions.session",
  "pk": "pe75fnx66jx1prmwbejz0q2cyrs7tmwe",
  "fields": {
    "session_data": ".eJxVkMFuhDAMRP_FZxQlJCEJp7a_UVXIBLekBbIiQbvVav-9ZMuFmzUzfh75Duh93Jbc4ZZHWnLwmENcupnyGIcE7fsd_mdo4YIpXeM6QAWYoRVGC6UaKy2TSjZCNhXQjGHao9_bFHBhOW477-WrqMzHGR4fFTxvdVuitQsFay2cxB79Dy3FwWkqMjtKsmfmsBN7PVV-O7ZOqBHTuHNISjTKaS-EHQTXypEVxBVR7VxfS9UY5Mid10RakbG9Mv2nG7T1ta0HXqCJUiqfodslrL_Q8scfdLVp6A:1uWtKZ:lXhit0kAowWEUhX7qJyUSARLvZ30UVTqWW3GFII2NDo",
    "expire_date": "2025-07-16T09:00:39.232Z"
  }
},
{
  "model": "sessions.session",
  "pk": "psp4xv11isy55l9dwfw83s4x3j7hj4gn",
  "fields": {
    "session_data": ".eJxVkEtuwzAMRO_CtSFYlvXzqu01isJgZKoS6k8gyWiLIHdvlHrjHTEzfBzwBujctq9lxL0EWkt0WOK2jguVsE0Zhvcb_M8wwBVz_t7SBA1ggYFryXmne2mZMNIabhqgBeP8iC6YSlyZC5gSzS-fVWZuW-D-0cDz2LhnSmOsXN3DSbyg-6K1OjjPVWZHS_bMHHZmr6fOb8fWCRUwhwen9doLkkq0Hjm3cjK2N1qgQEkXrbQno51Fjx0hJ2ek8sKqHtXUuk5oU6GZcq6voZ9rTL8wtPc_DZNq3w:1uVYFI:RoBSvYVSsWIvzEXQyGb21MsXUwd3OkULPJXEAFrMLVo",
    "expire_date": "2025-07-12T16:17:40.234Z"
  }
},
{
  "model": "sessions.session",
  "pk": "pth5n5r4ivax3ufl0rr074ggxj9s18sd",
  "fields": {
    "session_data": ".eJxVkMFuhDAMRP_FZ4RIQgjh1PY3qgo5iVuiQrIiYbfVav-9ZMuFmzUzfh75Dmht3EIeccsThewtZh_DuFCeokswvN_hf4YBLpjSLa4OKsAMA1OSiaaRmtetEo1iFdCCft6TVx_sTltioKzFy1eRaxsXeHxU8Lw1bonW0ResEnASDdpvCsXBeS5yfZSsn5nDTvXrqfLbsXVCTZimncNlZ1ynejKMyDGUvZbEUfSaOBN9K4zlgogbIzv92TpJhK1iVulOdtZRgSZKqXyGfi5-_YWhefwBqaNq1g:1uWHHk:16C_36g9UkDAyVD1PnitdnhIZmXfNQCeqOLrXdt0Rtk",
    "expire_date": "2025-07-14T16:23:12.605Z"
  }
},
{
  "model": "sessions.session",
  "pk": "pz19g98ij9p1gsi2fp6caernjj6lvpfo",
  "fields": {
    "session_data": ".eJxVjMEOwiAQRP-FsyELFEI9evcbCMsuUjWQlPbU-O-2SQ96nHlvZhMhrksJa-c5TCSuQonLb4cxvbgegJ6xPppMrS7zhPJQ5Em7vDfi9-10_w5K7GVfa_QDZcyDdmgz7gkcsLGRsnFemdE6xzACGvI6OkhJeWBSPpG3kKz4fAHoPDfK:1uWDks:pcbTBGBqATxdEL4dU20w4jgmiJ5sh0wRXdWfZcPsZlU",
    "expire_date": "2025-07-14T12:37:02.470Z"
  }
},
{
  "model": "sessions.session",
  "pk": "pzea0ueofgo8zmlgxw54vw2yn0ruecha",
  "fields": {
    "session_data": ".eJxVkEFuhDAMRe_iNUIhQ0jCqu01qgqZxJSoIYyS0M5oNHcvUFQJyQv7f_vZ8gPQmHkJufum6AZHtqMJnYc2LN4X_y4ueaSQncHs5tBNlMfZJmjfH_CXQwtXTOlnjhbWsQxtJUXFG82aS3mppVijgIMN6OmGwUZC7zHelX753JzSzBM8PwrY93VLoti5DS0bOIk9mi8Kdif5TS6PQ8u957BT-Xo6--2YOqFGTOO2QcnBMHERVd9brpQ0uq_UwDhTXKvKCmlrJdFaUWtuBVON7geSSpPkaz1s0EQpbd-h29XFO7Ts-Qst2Xaf:1uW95E:A32YEZzFg0KVy-K1s2rD2R2Z0JXL4NvzD9JhYnHc-PI",
    "expire_date": "2025-07-14T07:37:44.497Z"
  }
},
{
  "model": "sessions.session",
  "pk": "qe05u6ssk90ab84poycs247m7jczs3th",
  "fields": {
    "session_data": ".eJxVkMFuhDAMRP_FZ4RIssEJp7a_UVXIBK8SFZIVCWqr1f57my0XbtbM-HnkO5BzaY9lpL14jiU4KiHFceXi05xheL_D_wwD3Cjnr7TN0AAVGARqIY3CHltprZLSNMArhaVGA28bjxTnF59KFVuXVnh8NPA8Ne6ZtzFUKko4iRO5T47VoWWpcnt0bJ-Zw87t66nx27F1QnnK_o9zmaRjtp3ulWMxM0k0ehKI2iltUV6009zzVSiceqGMZSVkp528okG0fYVmzrk-hr9vYfuBoXv8AiTEaUw:1uWCuO:AAZtQyjEdOmR2KdBN_1LiL0fo4UsTRIsIHtxFnl93BE",
    "expire_date": "2025-07-14T11:42:48.158Z"
  }
},
{
  "model": "sessions.session",
  "pk": "qtsg3jeuz6ot0m6jfjseep9c7x6ghm5a",
  "fields": {
    "session_data": ".eJxVkMFuxCAMRP_F5whBgAVyavsbVRU5xG1oE1gForZa7b83bHPJzZoZP498A_Q-bbH0uJWJYgkeS0ixX6hMaczQvd7gf4YOrpjzd1pHaAALdMJoIZ0TRjIldXsRDdCCYd6Tn9scMLKSth339FFV5tMC97cGHqf6LdPah0q1Fk7igP6LYnVwnqvMjo7skTnszJ5PjV-OrRNqwjztHJISjXLaC2FHwbVyZAVxRdQ6N7RSXQxy5M5rIq3I2EGZ4d2N2vrWtiOv0Ew518fQzzWsv9Dx-x8oYWmy:1uWgvm:lXR4lfGuLGkfexoKNwrGsXahoT4t0nS4CTiS0QX37ks",
    "expire_date": "2025-07-15T19:46:14.281Z"
  }
},
{
  "model": "sessions.session",
  "pk": "rtk2dm37qta5ycl1a414n37h3g5pmgkl",
  "fields": {
    "session_data": ".eJxVjMEOwiAQRP-FsyELFEI9evcbCMsuUjWQlPbU-O-2SQ96nHlvZhMhrksJa-c5TCSuQonLb4cxvbgegJ6xPppMrS7zhPJQ5Em7vDfi9-10_w5K7GVfa_QDZcyDdmgz7gkcsLGRsnFemdE6xzACGvI6OkhJeWBSPpG3kKz4fAHoPDfK:1uWvJe:UyTEsmpnRlGcpfXx6TH_AcnlRpLCk2AKQexp2SeyE7Q",
    "expire_date": "2025-07-16T11:07:50.823Z"
  }
},
{
  "model": "sessions.session",
  "pk": "rzzkmzp8vwks9ntlf8f1owg4ycjkcaju",
  "fields": {
    "session_data": ".eJxVkM1uhDAMhN_FZ4RIQv44tX2NqkIOeJuoQFYkaLda7buXbLlws2bGn0d-AA5D3Jbc45Y9LTkMmENc-pmyj2OC7vMB_zN0cMWUbnEdoQLM0DEtmZBWK1VLLVtrZQU0Y5j2qFu3Jc74Pe0wevMxF70e4gzPrwpe1_ot0dqHAjYcTqLD4YeW4uA0Fbk-atavzGGn-v1U-uPYOqE8Jr9zGHdSWOWMkkIxctYJ2xLjosGLU0Y3litrLqYdG65bpblrRkeMpNGtFYIVaKKUym_ofg3rL3TN8w-IX2oZ:1uWWgB:5pzgTSBNVoeREtiKmDhXnnDRXVMAuiZMKLYO2q5EmCw",
    "expire_date": "2025-07-15T08:49:27.500Z"
  }
},
{
  "model": "sessions.session",
  "pk": "s1ngb8kdmi24yiw3ohhlsoaltffz9pv1",
  "fields": {
    "session_data": ".eJxVkM1uhDAMhN_FZxQR8guntq9RVcgbnBIVwioJaqvVvns3Wy7crJnx55FvgM5teywj7mWmWILDErY4rlTmbcowvN_gf4YBrpjz95YmaAALDNwoLqW0tmXK8E4b3gCtGJZHdMVUQmRuxpRoefmsMnPbCvePBp7Hxj1TGkPlGgkn8YLui2J1cFmqzI6W7Jk57MxeT53fjq0TasY8PzitN16Q0qL1yHmvJttLawQKVHQx2niyxvXosSPk5KzSXvRaop5a1wljKzRTzvU19HMN6ReG9v4HAWBq0g:1uWsoz:Jx-9eJ6i2rlj5YddQzcB7ti888hht5gK9qrqdRFbGC8",
    "expire_date": "2025-07-16T08:28:01.441Z"
  }
},
{
  "model": "sessions.session",
  "pk": "s5d1y3bkarohxc6q4qnp9dhor19wdqi7",
  "fields": {
    "session_data": ".eJxVkM1uhDAMhN_FZ4TyR344tX2NqkIOeAsqJCsStFut9t1Ltly4WTPjzyM_APs-biF3uOWRQp56zFMM3UJ5jEOC9vMB_zO0cMWUbnEdoALM0HLTcKmctqpmhithdAW04DTvUb9uIS74Pe8wehtjLnrdxwWeXxW8rnVborWbCtgKOIke-x8KxcF5LnJ91KxfmcNO9fup9MexdUKNmMadw4VvpNPe6kZqTt556RRxIRlevLaGOaGdvVg1MGGUNsKzwROnxhrlpOQFmiil8hu6X6f1F1r2_AN2KmoG:1uWU3Y:gvnIENpo-LLFYIDc2FhJdDjA_C6_WnTZhRoxFdrwunA",
    "expire_date": "2025-07-15T06:01:24.981Z"
  }
},
{
  "model": "sessions.session",
  "pk": "sw1s1l0wolc12p0edxr0teeau37koej3",
  "fields": {
    "session_data": ".eJxVkMtuhDAMRf_Fa4TygDxYtf2NqkJO8BRUSEYkaKYazb-XTNmws66vj6_9APQ-biH3uOWRQp485imGfqE8xiFB9_mA_xo6uGJKt7gOUAFm6LhueaM0Z6xmTGnLTQW04DTvVrduIS74Pe8wehtjLnrt4wLPrwpe2_ot0dpPBWwEnESH_odC6eA8F7k-YtYvz9FO9fsp9McxdUKNmMadw4VrpVXOqFYqTs46aRviQjK8OGU0s0JZczHNwITejxKODY44tUY3VkpeoIlSKr-h-3Vaf6Fjzz9qVWn6:1uWybM:mtTkothCL8u3PxHeCC3yej1dV6bbquN9LRnjh99keG8",
    "expire_date": "2025-07-16T14:38:20.856Z"
  }
},
{
  "model": "sessions.session",
  "pk": "t1ars26n72aeuku78758id2o5a9c2h6o",
  "fields": {
    "session_data": ".eJxVkM1ugzAMx9_FZxQR3JDAadtrTBMyiRnRIFQkqJ2qvvtIx4Wb9f_42fIDyNplC6mjLY0ckreU_BK6mdO4uAjt5wP-Z2jhSjHeltVBAZSglVpJWekGUaCs8IKmAJ7JT3t0b8wURVopeF7fvrMs7DLD86uA17Jui7x2PnO1gpPYk_3hkB2apiyL40rxyhx2FO-nmz-O1gk1Uhx3jmWD7IbGKda6xl4ZHGptL0pXfaNUg2VfOyPdoLkypnYKpcKmJO0ka1tyhkaOMb-G71e__kJbPv8ABsVqjQ:1uVYMw:6aqn6caSi_ovp4JS5r4Ul5rzfMU_cU61qtAQ79701jw",
    "expire_date": "2025-07-12T16:25:34.190Z"
  }
},
{
  "model": "sessions.session",
  "pk": "tcbei767bj7b6q39rwbe5d7tld9gnblg",
  "fields": {
    "session_data": ".eJyFkMtuhDAMRf_Fa4QSEkjCqtPfqKrIOJ4SlceIQB8azb-XtKjSrGZn3Wsf2_cKSDRv0-o_eInnyMHziHGAdtqGofh3cVt7ntZIuMZ58iOv_RwStC9X-KuhhQum9DkvAfaxFVppaqlMo6wopc1VXcDBBhp4PPOyRKue3rJW0jzCrXhAs40TdakaWSn1EPZagE-cUr6Xvy5x-YZW7Fp-xW-JFx_zHmvgTuyQ3nnKDg5Dlssjg_K357BTebpL5PmYukP1mPqdoxBtw65SXaBgpBKkSBsMutPGKULnNBvSVagq42qtCYWQgikox0HYBm4_h-mMOg:1uWdju:CiNPE5Bs3DBwD1GTYND0r3AfhTxhoZYuJ-Jxeb3sPyM",
    "expire_date": "2025-07-15T16:21:46.522Z"
  }
},
{
  "model": "sessions.session",
  "pk": "thztp9qbzxnnch38che1vz9g7pnmb7uu",
  "fields": {
    "session_data": ".eJxVkMFuwyAQRP9lz5ZlIBjwqelvVJGFl02NakNkcNoqyr_XpL74tpqZfTvaB1jEuIbc2zWPFLJHm30M_Ux5jC5B9_GA_xk6uNmUvuPioAKboWNKMtEazlndcG2ErIBm66ctefcBN9ocA2Uj3j6LXGOc4Xmp4HWrXxMtvS9YJeAgDha_KBTHTlOR671k_crsdqrPh8rv-9YBNdo0bhxyJyXbtkFOJA1rySnHGicHppnBk5GI0mmtlbiKKw5cOIkk7aCMY4obVaCJUiqfoZ-bX36ha55_pWpqiA:1uWZ8f:E3kt3NeAKcBCvpx7MJQ-1nL1NyvfaJysSwkObS--F4c",
    "expire_date": "2025-07-15T11:27:01.954Z"
  }
},
{
  "model": "sessions.session",
  "pk": "uurcs8pojlrs0s25tg11gnbytgwlzght",
  "fields": {
    "session_data": ".eJxVkNFuwyAMRf_FzxEqUFLI07rfmKbIAdOgJaECom2q-u8LXV7yYMm61z6-8gPQ2rgupce1jLSUYLGEuPQzlTG6DN3HA_576OCOOX_H5KABLNDxi-KyledWs62M4A3QjGHaJoeYQmY3pFQWSm-3KjMbZ3h-NvC61a-ZUh8qVis4iAPaL1qqg9NUZbaHZK-Z3c7seoj8vm8dUCPmceMYo7hRnnvuNBrhaUBlfIuXYXDeCytbgdwpVN5IrfUJhdNk5Nlq5MpxXqGZcq6foZ97SL_QnZ5_441rCQ:1uWXdt:RwRpHORFC_qJ6DBBID354tnYF0pTAdAl6B-acSUiuB0",
    "expire_date": "2025-07-15T09:51:09.374Z"
  }
},
{
  "model": "sessions.session",
  "pk": "v8vk0ye5gsyyd6o13xx9pvrw889u3uwt",
  "fields": {
    "session_data": ".eJxVjMEOwiAQRP-FsyELFEI9evcbCMsuUjWQlPbU-O-2SQ96nHlvZhMhrksJa-c5TCSuQonLb4cxvbgegJ6xPppMrS7zhPJQ5Em7vDfi9-10_w5K7GVfa_QDZcyDdmgz7gkcsLGRsnFemdE6xzACGvI6OkhJeWBSPpG3kKz4fAHoPDfK:1uVCBT:mt54ZDou-csS--9JLf7B7c-hwdKDMdAyhGHxpev7aPs",
    "expire_date": "2025-07-11T16:44:15.071Z"
  }
},
{
  "model": "sessions.session",
  "pk": "vglip0pd5z0fkwg1j4fi8d47ganmmr01",
  "fields": {
    "session_data": ".eJxVkMFuhDAMRP_FZ4QSYEPCqdvfqCpkEiPSQoJwaLta7b93oagSN2vG8zzyHdDauIbUftHie0-upQn9CE1YxzH7d3FNA4XkLSYfQztRGqJjaN7u8DdDAzMyf8fFwTOWoJH1RZaq0FLndVFIZYoMDjZ8EK-eJ1ySDy-3OG9ybuMEj_cM9mPtyrS0fuPWBk5ih_aTwubgOG5yfrTM953D5vx66vx6pE6oAXl4cjosaiu0kcbqWgtjhCApjKtKpazRnatc6brSaN1jX9nOKSHQSWn7XttLtUOZmLfX0M_slxs04vELOdl20w:1uWXTP:OdCU4ks4Hb41cKYdiPKLZe_GOcb3PohqiDyBwnNsRjA",
    "expire_date": "2025-07-15T09:40:19.951Z"
  }
},
{
  "model": "sessions.session",
  "pk": "vhgw9bo8jy65s3k32fn9mqs47g8kxc8y",
  "fields": {
    "session_data": ".eJxVkMFuhDAMRP_FZ4RIwDFwavsb1SoywSuiAlmRoG612n9vs-XCzZoZP4_8AHYu7GuyvKdJ1uQdJx9Wu0iawhih_3zA_ww93DjG77CNUAAn6BWhatB0bVuiRtOQLkAW9nOOetk2sbyOb1NIWSxdWOB5KeB1yu5RNuszlTScxIHdl6zZ4XnOcnl0LF-Zw47l-6nxx7F1Qk0cpz9OM2gn0lVoaidqFNbU4qCI0NXYkW7QoRi5qpoGo-q2k1rpCp2-UkvUmQyNEmN-jNxvfvuBvnr-AifEaU8:1uWvyH:xwR9C9R4MQkxl3AOmihylW8dDJc2GVvsGcQHfYVVBLg",
    "expire_date": "2025-07-16T11:49:49.402Z"
  }
},
{
  "model": "sessions.session",
  "pk": "vvy08n8m7am128alisoa87ojrzndaks6",
  "fields": {
    "session_data": ".eJyNj9FugzAMRf_Fz6haEagrPxO5iUetpgkyTidU8e8zlDH1bW-x77HuyRPQ-1ySugcJfzEFR3fkCF0qMVZ7GnPPCbonlJHEDTfooPZQwQpvtx6Vs0FwxxRQs0wGjNynMkCnUqgCocBCXl2RveKtb7jmRL_DcovR3b5R-tHKZ1spKi0e9uhpWcKq5i6T8zmskXXji76aSKTward59ZzcVvIPcnP7Iy3yRYSS2j_foCXixMomGBxafjy1x_rUtB_toTmfm8-6mecfjIaBug:1uWAUz:42aqDmnwaZeRl8Fjuq7BAbNeT6_-V9iXXaVn0f1xFXw",
    "expire_date": "2025-07-14T09:08:25.789Z"
  }
},
{
  "model": "sessions.session",
  "pk": "w3s93asnpf9mvelgyu37a703vktxgywm",
  "fields": {
    "session_data": ".eJwljEEKgzAUBe_y1hII2iZk5T2kyCcGjZh8MT-4EO9eS3fDMMwF8p5rlpGqLCFL9CSR85iCLDwVuOHCn-GwUyknHxMakMBp89KttfptVKdt11rTICSK25OudYuUlXB9fv38s8pzwv25v1OuJ38:1uWe4F:Mr-nTtsKKE1PGSks9uJe8sV99QauJAF87M0Uu3zqths",
    "expire_date": "2025-07-15T16:42:47.699Z"
  }
},
{
  "model": "sessions.session",
  "pk": "w783xfv3uvs8i8bphbyj9sbfhbyr1zp3",
  "fields": {
    "session_data": ".eJxVkNFqhDAQRf9lnkWiSTTxqe1vlEXGZIKhblyS2O2y7L9XrRR8G-6de-YyT0Bj5iXk_puid55sT1f0E3Rhmabi38UljxSyN5j9HPor5XG2CbrPJ_zN0MENU7rP0cIay9BVrayEFC0XpZSaKy0KONgQHxjeLJoviqWZ4XUpYD_RL4li7zeaZnASh207bA5O0yaXR7dy3znsVL6fmn4cqRNqxDSuHKXqxlpXG9Yyx1ytWtXUSgxr6YErSdYR09JRLTgxVJVoNWsYbzgOGodqhyZKaXsI_dx8fEDHXr_BLHGx:1uWvNv:6LnmqbcEL3aiiUXHwVKCUNYbWd2fFRSfdeNH96IkOAs",
    "expire_date": "2025-07-16T11:12:15.726Z"
  }
},
{
  "model": "sessions.session",
  "pk": "who59rr3y2beuq2wolauj0dbi78zilo6",
  "fields": {
    "session_data": ".eJxVkM1uhDAMhN_FZ4RIDPnh1PY1qgo54C2okKxI0G612ncv2XLhZs2MP4_8AOr7sPnU0ZZG9mnqKU3BdwunMQwR2s8H_M_QwpVivIV1gAIoQSt0I1AbI-oSlUE0WAAvNM171K2bDwt9zzuM38aQsl72YYHnVwGva90Wee2mDDYSTqKj_od9dmies1weNctX5rBj-X4q_XFsnVAjxXHnCOkatMoZ1aAS7KxDW7OQWNHFKaMrK5U1F1MPldS10tJVg2PBjdG1RRQZGjnG_Bu-X6f1F9rq-Qd6BWoK:1uWbdP:mPsQ1TlZQAGcdOgdxk50I8fvDizRWLiD3tsxIt785xU",
    "expire_date": "2025-07-15T14:06:55.284Z"
  }
},
{
  "model": "sessions.session",
  "pk": "xfeeq63wofmjzd8p96up0dapk8bp1dat",
  "fields": {
    "session_data": ".eJyNj9FugzAMRf_Fz2gSbIyOn4m8xKNW0wQZZxWq-Pcayjr1rW-x77HuyRXQ-1ySul8S_mEKjs7IEfpUYqweacwDJ-ivUCYSN56ghwahgg3ebz0qZ4PgjCmgZpkNmHhIZYRepVAFQoGFvLoij4qnvvGYE_0N6y1Gd7qgDJOVL7ZSVFo97DHQuoRNzX3PzuewRdaNd_poIpHCvd3mzXN2e8kL5O72T1rkiwgltX8-QWvEiZVNMDi0vO7auumar_fmrWsP9cdnuyw3ihqBtg:1uWA5d:avkePieSovtQ80sOFL7b1emq_1jhGlxnYpo6mWC_HF8",
    "expire_date": "2025-07-14T08:42:13.057Z"
  }
},
{
  "model": "sessions.session",
  "pk": "xnkuttrkq8bqg79w8llft96hwm423l23",
  "fields": {
    "session_data": ".eJxVkMFuhDAMRP_FZ4RIghPCqe1vVCtkgleJCmRFgrrVav-9zZYLN2tm_DzyA8i5uK95oD17XnNwlENch4Wzj1OC_vMB_zP0cKOUvuM2QQWUoRcGRYvadlhbiQqFqIAXCnOJBt42Hmid3nzMRaxdXOB5qeB1atgTb0MoVCPhJI7kvngtDs1zkeujY_3KHHaq30-NP46tE8pT8n-cdpSO2TaolWMxMUnT4SiMQafQGtmiQ9Z8FcqMWqjOshKyQSevpjPG6gJNnFJ5DN9vYfuBvnn-AiBHaUc:1uWvyE:sYXU6CprK5Bjwpo01flIJOr3yA5zYNws7jpJTQh4tCo",
    "expire_date": "2025-07-16T11:49:46.796Z"
  }
},
{
  "model": "sessions.session",
  "pk": "xnmgf0y27nsde0nchvuzb97gykfyxjan",
  "fields": {
    "session_data": ".eJxVUEFuhDAM_IvPCCVhQxxObb9RVcgkpqBCWJGg7mq1f--GcuFmz4xnRn4AObdsIbW0pYFDGh2lcQntzGlYfITm8wH_MzRwpRh_l9VDAZSgkUZLVVtZ6bISKITRBfBM4_SS0sQ3Cn5lmiZa72jfvjNTumWG51cBe167RV7bMVubGk5gR-6Hg9-dpgyXR9Fy1xx0LN9PtT-Oq5PVQHHICWh6J3SlZdd5hWic7ST2QglUFqXXxl_QkPf6YpXXAmvb9WzQslGvvc-mkWPM3-HbdVzv0IjnHx_Fay0:1uW96O:zKbny_nHEq7wFGMOceiqwpBDnesiN-LwpK1EixH33M4",
    "expire_date": "2025-07-14T07:38:56.170Z"
  }
},
{
  "model": "sessions.session",
  "pk": "xq2a195cwsvyzcaj2a1axxpvjbq2khf6",
  "fields": {
    "session_data": ".eJxVkM1uxCAMhN_F5whBIAFy6vY1qipyjNug5mcViNpqte_eZZtLbtbM-PPIN0CidV9yj3seecmRMMd16WfO4xoSdG83-J-hgyum9L1uASrADJ2yjTJt640SzlvrXFMBzxinR5Qmnj9426LTL59FE7TOcH-v4Hmp3xNvfSxQZ-EkDkhfvBQHp6nI4qgonpnDTuJyKvx6bJ1QI6bxwdGIrmVf6yFQsEpL0mQsBjMY6zWh94YtmTrUtfWNMYRSKskUtOcgXVugiVMqf-Gfa9x-oZP3P311aVU:1uWyYo:EWYv_chGI0narZg5HdlVWyYTYhCiJGm90-G42NyC1gY",
    "expire_date": "2025-07-16T14:35:42.755Z"
  }
},
{
  "model": "sessions.session",
  "pk": "y0fuke55upenrn6feczo2yhnjtguyjh2",
  "fields": {
    "session_data": ".eJxVkEFuhDAMRe_iNUKBBJKw6vQa1QgZxy1RgYxI0LQazd1LpmxY2frffv7yA5AobEvqcUsjL8kTJh-WfuY0Bheh-3jAfw8d3DDGe1gdFIAJuko3lbTtXkqtTdsYWwDP6Kd9lCaeP3ldvZFvX1krKczwvBbwutRvkdfeZ6jRcBIHpG9esoPTlOXyiFi-Zg47lpdT4Pdj64QaMY47RyKalm0tB0dOV1KQJKXRqUFpKwmtVaxJ1a6utW2UIhSiEkxOWnbCtBkaOcb8F_65-fUXOvH8A3x1aVQ:1uWg9Q:M5_ND9jJ8UMQ2Q1qN4Wl7mexFQn5eKg752Jb77NgYDo",
    "expire_date": "2025-07-15T18:56:16.654Z"
  }
},
{
  "model": "sessions.session",
  "pk": "y6r1o47gn6frnzl8diabu2ceeqkk07p2",
  "fields": {
    "session_data": ".eJxVkE1uhDAMhe_iNUIhBEJYtb1GVSGTGBE1JKMk9G80d-9kiiqxs9-zPz_5Cqh12H2ePijaxZKZaEPrYPS7c9W_i3teyWerMdvgp43yGkyC8fUKfzWMcMGUPkM0cF_LMDaya5pGDp2sueBKMl7BwYYNY7bekPtBn5_WkIteLxFubxU8jk17ojjZwpUDnMQZ9Tv54qBzRa6PlPVj5rBT_XzK_HJsnVArpvXO0Vz1ahGm62c-tzSg6pGJZWZcy9IYqQRrSQg0zLTUDWRQCTU0SmpEJgs0UUrlNfR1sfEbRnb7BTVvdpI:1uVVkQ:jdvFk0sdKRk4N0dUnz19jXYszeOEJD81wwoQeuZV7Qw",
    "expire_date": "2025-07-12T13:37:38.388Z"
  }
},
{
  "model": "sessions.session",
  "pk": "yu9aif8z3ozu4bs1opl21plc88il6hui",
  "fields": {
    "session_data": ".eJxVjDsOwjAQBe_iGlle_6Gkzxksr3eXBFAi5VMh7g6RUkD7Zua9VKnb2pdt4bkMpC4K1Ol3w9oePO6A7nW8TbpN4zoPqHdFH3TR3UT8vB7u30Ffl_5bW5vISwD2IUsQiULWVDDV5WYiIJ6dJNciW8-AkIjQtxyNJRQGF9T7A-VFOCI:1uWGyL:RqqDogzKpPOHYVMF7eGJtvEVWl4GqiUEsAkLEnom8Fo",
    "expire_date": "2025-07-14T16:03:09.131Z"
  }
},
{
  "model": "sessions.session",
  "pk": "z433o5kxe3ygm9eqwofqw5ojbt1obz1y",
  "fields": {
    "session_data": ".eJxVkEFuhDAMRe_iNYpIQjCw6vQaVYVM8IiokIySoLYazd07mbJhZ31_P3_7DmRt2H0eac8L--wsZRf8uHFewpxg-LjDfw0D3Cil7xBnqIAyDBKNbNpOyk7orq97xAp4I7cWq-MYeSQ_vy0hF1HYsMHjs4LXqnFPHEdXqKjgJE5kv9iXDq1rkcWRUbw8RzuJyynx-zF1Qi2UlienmZRl7mvTastyZlLYmUkiGqtNj6ox1nDLV6lxauXzFtZS1caqK3aIfVugiVMqj-Gfm4u_MNSPPydxaU8:1uWyrn:NJCwe9Qb3TBJaqHPpxQwrXrK8z8uRCPEv28EInnaZys",
    "expire_date": "2025-07-16T14:55:19.250Z"
  }
},
{
  "model": "sessions.session",
  "pk": "zg5au1f7p1f2fr0vhb9mkrwlz99tth8r",
  "fields": {
    "session_data": ".eJxVkMFuhDAMRP_FZxQlJIbAqe1vVBUySShRCVmRoLZa7b-XbLlws2bGzyPfgYyJ-5oH2vPs1uwNZR_XIbg8R5ugf7_D_ww93Cil77hZqIAy9KJFIVHUKJhqsOGircAF8ssRzXEPnoU0v3wWhZkY4PFRwfPOsCe3Db4gtYKLOJL5cmtxaFmKzM6C7Jk57cReL3Xfzq0LaqY0H5wRcew6W7fWIPLa1M42OGFjUUmnOE5Ky446rY_caC0nXutOSo5cCjKTK9DkUipfcT83v_1Czx9_k6VoWg:1uWUSq:XPayuL2vXJEBgh_63nYZ3X7qEqaHlMFTUnqVZ0VsZTk",
    "expire_date": "2025-07-15T06:27:32.376Z"
  }
},
{
  "model": "sessions.session",
  "pk": "zg625ehiwcagenjn4i6yjkpvu352rlej",
  "fields": {
    "session_data": ".eJxVkM1uhDAMhN_FZ4TID_nh1PY1qgo5wdugAlmRoN1qte9esuXCzZoZfx75Aeh93Jbc45YDLXn0mMe49DPlEIcE3ecD_mfo4Iop3eI6QAWYoWO6ZVJLzU2tDWdaqApoxnHao27dljjj97TD6C3EXPTaxxmeXxW8rvVborUfC9hwOIkO_Q8txcFpKnJ91KxfmcNO9fup9MexdUIFTGHnMO5aYZUzqhWKkbNOWEmMiwYvThndWK6suRg5NFxLpblrBkeMWqOlFYIVaKKUym_ofh3XX-ia5x96_WoL:1uX0aP:BrVxFE6Q9GeWI3hhXgkIP62byd_pxBYOZepjlQwwkxo",
    "expire_date": "2025-07-16T16:45:29.656Z"
  }
},
{
  "model": "sessions.session",
  "pk": "zlpkbk6ufeugaxht628qc897grpsypmw",
  "fields": {
    "session_data": ".eJxVkM1uhDAMhN_FZxQlhBDCqdvXqCoUHG-JCsmKhP5ote9esuXCzZoZfx75DhYxbiEPdssThezRZh_DsFCeokvQv93hf4Yebjal77g6qMBm6IVWolFcGMGkkbxRugJarJ_36JcPuOOWGCgb-fJRZIZxgcd7Bc9jw5ZoHXzhagkncbT4SaE4dp6LzI6W7Jk57MQup86vx9YJNdk07RxyjVZty7EmUka05LQT3KlRdMJgYxSicl3XaXmVVxxr6RSSsqM2Tuja6AJNlFJ5Df3c_PoLPX_8Ae0nark:1uWuCe:JTa9H7vIz2yz7XCLr8wx7rcFvmS5zc5W9D8wPHLQzcc",
    "expire_date": "2025-07-16T09:56:32.265Z"
  }
},
{
  "model": "sessions.session",
  "pk": "zsgg2r96vooti6m2wr4kqsrjdg3x7u21",
  "fields": {
    "session_data": ".eJxVUMtuhDAM_BefEUoIIQmntr9RVcgkpkTlsUqCuqvV_nsJ5cLNnrFnxn4CWrtuS-pwSyMtyVtMfl26mdK4ugjt5xP-a2jhhjH-rsFBAZig5UpyYXRlRClqLqRsCqAZ_bSP4kR3XFwgnCYMD23evjNT2nWG11cBh1-3RQqdz9KqgQvYo_2hxR1KU4bLM2h5zJx0LN8vsT_OrYvUiHHMDloNlkkhed-7SmtlTc_1wCq2X6C5k8rVWqFzsjaVk0w3ph9IaUOq2vshi0aKMX-H7jcfHtCy1x8riGs5:1uWgha:vWzHzY3RkFTxKEwHlpZiLBh9lLo0gFOgjBxvGtHpXx0",
    "expire_date": "2025-07-15T19:31:34.216Z"
  }
},
{
  "model": "app.competition",
  "pk": 15,
  "fields": {
    "name": "Tour de Test 2024",
    "created_at": "2025-06-26T09:18:48.505Z",
    "updated_at": "2025-06-26T09:18:48.505Z"
  }
},
{
  "model": "app.competition",
  "pk": 16,
  "fields": {
    "name": "Tour de France 2025",
    "created_at": "2025-06-27T16:39:09.934Z",
    "updated_at": "2025-06-27T16:39:09.934Z"
  }
},
{
  "model": "app.cyclist",
  "pk": 485,
  "fields": {
    "name": "PHILIPSEN Jasper",
    "team": "Alpecin - Deceuninck",
    "value": 50,
    "created_at": "2025-06-27T16:23:54.007Z",
    "updated_at": "2025-06-27T16:23:54.007Z"
  }
},
{
  "model": "app.cyclist",
  "pk": 486,
  "fields": {
    "name": "VAN DER POEL Mathieu",
    "team": "Alpecin - Deceuninck",
    "value": 50,
    "created_at": "2025-06-27T16:23:54.119Z",
    "updated_at": "2025-06-27T16:23:54.119Z"
  }
},
{
  "model": "app.cyclist",
  "pk": 487,
  "fields": {
    "name": "GROVES Kaden",
    "team": "Alpecin - Deceuninck",
    "value": 40,
    "created_at": "2025-06-27T16:23:54.239Z",
    "updated_at": "2025-06-27T16:23:54.239Z"
  }
},
{
  "model": "app.cyclist",
  "pk": 488,
  "fields": {
    "name": "DEL GROSSO Tibor",
    "team": "Alpecin - Deceuninck",
    "value": 16,
    "created_at": "2025-06-27T16:23:54.352Z",
    "updated_at": "2025-06-27T16:23:54.352Z"
  }
},
{
  "model": "app.cyclist",
  "pk": 489,
  "fields": {
    "name": "MEURISSE Xandro",
    "team": "Alpecin - Deceuninck",
    "value": 11,
    "created_at": "2025-06-27T16:23:54.480Z",
    "updated_at": "2025-06-27T16:23:54.480Z"
  }
},
{
  "model": "app.cyclist",
  "pk": 490,
  "fields": {
    "name": "VERMEERSCH Gianni",
    "team": "Alpecin - Deceuninck",
    "value": 19,
    "created_at": "2025-06-27T16:23:54.603Z",
    "updated_at": "2025-06-27T16:23:54.603Z"
  }
},
{
  "model": "app.cyclist",
  "pk": 491,
  "fields": {
    "name": "HERMANS Quinten",
    "team": "Alpecin - Deceuninck",
    "value": 17,
    "created_at": "2025-06-27T16:23:54.734Z",
    "updated_at": "2025-06-27T16:23:54.734Z"
  }
},
{
  "model": "app.cyclist",
  "pk": 492,
  "fields": {
    "name": "DILLIER Silvan",
    "team": "Alpecin - Deceuninck",
    "value": 6,
    "created_at": "2025-06-27T16:23:54.853Z",
    "updated_at": "2025-06-27T16:23:54.853Z"
  }
},
{
  "model": "app.cyclist",
  "pk": 493,
  "fields": {
    "name": "RIESEBEEK Oscar",
    "team": "Alpecin - Deceuninck",
    "value": 6,
    "created_at": "2025-06-27T16:23:54.984Z",
    "updated_at": "2025-06-27T16:23:54.984Z"
  }
},
{
  "model": "app.cyclist",
  "pk": 494,
  "fields": {
    "name": "RICKAERT Jonas",
    "team": "Alpecin - Deceuninck",
    "value": 6,
    "created_at": "2025-06-27T16:23:55.105Z",
    "updated_at": "2025-06-27T16:23:55.105Z"
  }
},
{
  "model": "app.cyclist",
  "pk": 495,
  "fields": {
    "name": "VAUQUELIN Kévin",
    "team": "Arkéa - B&B Hotels",
    "value": 19,
    "created_at": "2025-06-27T16:23:55.229Z",
    "updated_at": "2025-06-27T16:23:55.229Z"
  }
},
{
  "model": "app.cyclist",
  "pk": 496,
  "fields": {
    "name": "DÉMARE Arnaud",
    "team": "Arkéa - B&B Hotels",
    "value": 17,
    "created_at": "2025-06-27T16:23:55.350Z",
    "updated_at": "2025-06-27T16:23:55.350Z"
  }
},
{
  "model": "app.cyclist",
  "pk": 497,
  "fields": {
    "name": "RODRÍGUEZ Cristián",
    "team": "Arkéa - B&B Hotels",
    "value": 7,
    "created_at": "2025-06-27T16:23:55.469Z",
    "updated_at": "2025-06-27T16:23:55.469Z"
  }
},
{
  "model": "app.cyclist",
  "pk": 498,
  "fields": {
    "name": "VENTURINI Clément",
    "team": "Arkéa - B&B Hotels",
    "value": 8,
    "created_at": "2025-06-27T16:23:55.594Z",
    "updated_at": "2025-06-27T16:23:55.594Z"
  }
},
{
  "model": "app.cyclist",
  "pk": 499,
  "fields": {
    "name": "BIERMANS Jenthe",
    "team": "Arkéa - B&B Hotels",
    "value": 6,
    "created_at": "2025-06-27T16:23:55.704Z",
    "updated_at": "2025-06-27T16:23:55.705Z"
  }
},
{
  "model": "app.cyclist",
  "pk": 500,
  "fields": {
    "name": "GARCÍA PIERNA Raúl",
    "team": "Arkéa - B&B Hotels",
    "value": 5,
    "created_at": "2025-06-27T16:23:55.819Z",
    "updated_at": "2025-06-27T16:23:55.819Z"
  }
},
{
  "model": "app.cyclist",
  "pk": 501,
  "fields": {
    "name": "BUITRAGO Santiago",
    "team": "Bahrain - Victorious",
    "value": 23,
    "created_at": "2025-06-27T16:23:55.954Z",
    "updated_at": "2025-06-27T16:23:55.954Z"
  }
},
{
  "model": "app.cyclist",
  "pk": 502,
  "fields": {
    "name": "MARTINEZ Lenny",
    "team": "Bahrain - Victorious",
    "value": 25,
    "created_at": "2025-06-27T16:23:56.074Z",
    "updated_at": "2025-06-27T16:23:56.074Z"
  }
},
{
  "model": "app.cyclist",
  "pk": 503,
  "fields": {
    "name": "BILBAO Pello",
    "team": "Bahrain - Victorious",
    "value": 17,
    "created_at": "2025-06-27T16:23:56.190Z",
    "updated_at": "2025-06-27T16:23:56.190Z"
  }
},
{
  "model": "app.cyclist",
  "pk": 504,
  "fields": {
    "name": "GRADEK Kamil",
    "team": "Bahrain - Victorious",
    "value": 8,
    "created_at": "2025-06-27T16:23:56.303Z",
    "updated_at": "2025-06-27T16:23:56.303Z"
  }
},
{
  "model": "app.cyclist",
  "pk": 505,
  "fields": {
    "name": "TIBERI Antonio",
    "team": "Bahrain - Victorious",
    "value": 22,
    "created_at": "2025-06-27T16:23:56.419Z",
    "updated_at": "2025-06-27T16:23:56.419Z"
  }
},
{
  "model": "app.cyclist",
  "pk": 506,
  "fields": {
    "name": "MOHORIČ Matej",
    "team": "Bahrain - Victorious",
    "value": 25,
    "created_at": "2025-06-27T16:23:56.536Z",
    "updated_at": "2025-06-27T16:23:56.536Z"
  }
},
{
  "model": "app.cyclist",
  "pk": 507,
  "fields": {
    "name": "WRIGHT Fred",
    "team": "Bahrain - Victorious",
    "value": 20,
    "created_at": "2025-06-27T16:23:56.654Z",
    "updated_at": "2025-06-27T16:23:56.654Z"
  }
},
{
  "model": "app.cyclist",
  "pk": 508,
  "fields": {
    "name": "BAUHAUS Phil",
    "team": "Bahrain - Victorious",
    "value": 14,
    "created_at": "2025-06-27T16:23:56.769Z",
    "updated_at": "2025-06-27T16:23:56.769Z"
  }
},
{
  "model": "app.cyclist",
  "pk": 509,
  "fields": {
    "name": "HAIG Jack",
    "team": "Bahrain - Victorious",
    "value": 13,
    "created_at": "2025-06-27T16:23:56.889Z",
    "updated_at": "2025-06-27T16:23:56.889Z"
  }
},
{
  "model": "app.cyclist",
  "pk": 510,
  "fields": {
    "name": "STANNARD Robert",
    "team": "Bahrain - Victorious",
    "value": 10,
    "created_at": "2025-06-27T16:23:57.014Z",
    "updated_at": "2025-06-27T16:23:57.014Z"
  }
},
{
  "model": "app.cyclist",
  "pk": 511,
  "fields": {
    "name": "CARUSO Damiano",
    "team": "Bahrain - Victorious",
    "value": 13,
    "created_at": "2025-06-27T16:23:57.154Z",
    "updated_at": "2025-06-27T16:23:57.154Z"
  }
},
{
  "model": "app.cyclist",
  "pk": 512,
  "fields": {
    "name": "ARANBURU Alex",
    "team": "Cofidis",
    "value": 20,
    "created_at": "2025-06-27T16:23:57.268Z",
    "updated_at": "2025-06-27T16:23:57.268Z"
  }
},
{
  "model": "app.cyclist",
  "pk": 513,
  "fields": {
    "name": "FRETIN Milan",
    "team": "Cofidis",
    "value": 11,
    "created_at": "2025-06-27T16:23:57.392Z",
    "updated_at": "2025-06-27T16:23:57.392Z"
  }
},
{
  "model": "app.cyclist",
  "pk": 514,
  "fields": {
    "name": "COQUARD Bryan",
    "team": "Cofidis",
    "value": 13,
    "created_at": "2025-06-27T16:23:57.519Z",
    "updated_at": "2025-06-27T16:23:57.519Z"
  }
},
{
  "model": "app.cyclist",
  "pk": 515,
  "fields": {
    "name": "IZAGIRRE Ion",
    "team": "Cofidis",
    "value": 14,
    "created_at": "2025-06-27T16:23:57.637Z",
    "updated_at": "2025-06-27T16:23:57.637Z"
  }
},
{
  "model": "app.cyclist",
  "pk": 516,
  "fields": {
    "name": "RENARD Alexis",
    "team": "Cofidis",
    "value": 7,
    "created_at": "2025-06-27T16:23:57.770Z",
    "updated_at": "2025-06-27T16:23:57.770Z"
  }
},
{
  "model": "app.cyclist",
  "pk": 517,
  "fields": {
    "name": "OLDANI Stefano",
    "team": "Cofidis",
    "value": 8,
    "created_at": "2025-06-27T16:23:57.891Z",
    "updated_at": "2025-06-27T16:23:57.891Z"
  }
},
{
  "model": "app.cyclist",
  "pk": 518,
  "fields": {
    "name": "THOMAS Benjamin",
    "team": "Cofidis",
    "value": 11,
    "created_at": "2025-06-27T16:23:58.010Z",
    "updated_at": "2025-06-27T16:23:58.010Z"
  }
},
{
  "model": "app.cyclist",
  "pk": 519,
  "fields": {
    "name": "CARR Simon",
    "team": "Cofidis",
    "value": 7,
    "created_at": "2025-06-27T16:23:58.144Z",
    "updated_at": "2025-06-27T16:23:58.144Z"
  }
},
{
  "model": "app.cyclist",
  "pk": 520,
  "fields": {
    "name": "ANIOŁKOWSKI Stanisław",
    "team": "Cofidis",
    "value": 6,
    "created_at": "2025-06-27T16:23:58.269Z",
    "updated_at": "2025-06-27T16:23:58.269Z"
  }
},
{
  "model": "app.cyclist",
  "pk": 521,
  "fields": {
    "name": "BUCHMANN Emanuel",
    "team": "Cofidis",
    "value": 8,
    "created_at": "2025-06-27T16:23:58.388Z",
    "updated_at": "2025-06-27T16:23:58.388Z"
  }
},
{
  "model": "app.cyclist",
  "pk": 522,
  "fields": {
    "name": "TEUNS Dylan",
    "team": "Cofidis",
    "value": 11,
    "created_at": "2025-06-27T16:23:58.504Z",
    "updated_at": "2025-06-27T16:23:58.504Z"
  }
},
{
  "model": "app.cyclist",
  "pk": 523,
  "fields": {
    "name": "GALL Felix",
    "team": "Decathlon AG2R La Mondiale Team",
    "value": 40,
    "created_at": "2025-06-27T16:23:58.629Z",
    "updated_at": "2025-06-27T16:23:58.630Z"
  }
},
{
  "model": "app.cyclist",
  "pk": 524,
  "fields": {
    "name": "BERTHET Clément",
    "team": "Decathlon AG2R La Mondiale Team",
    "value": 20,
    "created_at": "2025-06-27T16:23:58.744Z",
    "updated_at": "2025-06-27T16:23:58.745Z"
  }
},
{
  "model": "app.cyclist",
  "pk": 525,
  "fields": {
    "name": "BISSEGGER Stefan",
    "team": "Decathlon AG2R La Mondiale Team",
    "value": 18,
    "created_at": "2025-06-27T16:23:58.860Z",
    "updated_at": "2025-06-27T16:23:58.860Z"
  }
},
{
  "model": "app.cyclist",
  "pk": 526,
  "fields": {
    "name": "TRONCHON Bastien",
    "team": "Decathlon AG2R La Mondiale Team",
    "value": 17,
    "created_at": "2025-06-27T16:23:58.994Z",
    "updated_at": "2025-06-27T16:23:58.994Z"
  }
},
{
  "model": "app.cyclist",
  "pk": 527,
  "fields": {
    "name": "PRODHOMME Nicolas",
    "team": "Decathlon AG2R La Mondiale Team",
    "value": 20,
    "created_at": "2025-06-27T16:23:59.115Z",
    "updated_at": "2025-06-27T16:23:59.115Z"
  }
},
{
  "model": "app.cyclist",
  "pk": 528,
  "fields": {
    "name": "PARET-PEINTRE Aurélien",
    "team": "Decathlon AG2R La Mondiale Team",
    "value": 20,
    "created_at": "2025-06-27T16:23:59.232Z",
    "updated_at": "2025-06-27T16:23:59.232Z"
  }
},
{
  "model": "app.cyclist",
  "pk": 529,
  "fields": {
    "name": "GODON Dorian",
    "team": "Decathlon AG2R La Mondiale Team",
    "value": 20,
    "created_at": "2025-06-27T16:23:59.393Z",
    "updated_at": "2025-06-27T16:23:59.393Z"
  }
},
{
  "model": "app.cyclist",
  "pk": 530,
  "fields": {
    "name": "LAPEIRA Paul",
    "team": "Decathlon AG2R La Mondiale Team",
    "value": 20,
    "created_at": "2025-06-27T16:23:59.509Z",
    "updated_at": "2025-06-27T16:23:59.509Z"
  }
},
{
  "model": "app.cyclist",
  "pk": 531,
  "fields": {
    "name": "GAUTHERAT Pierre",
    "team": "Decathlon AG2R La Mondiale Team",
    "value": 20,
    "created_at": "2025-06-27T16:23:59.625Z",
    "updated_at": "2025-06-27T16:23:59.625Z"
  }
},
{
  "model": "app.cyclist",
  "pk": 532,
  "fields": {
    "name": "BENNETT Sam",
    "team": "Decathlon AG2R La Mondiale Team",
    "value": 20,
    "created_at": "2025-06-27T16:23:59.744Z",
    "updated_at": "2025-06-27T16:23:59.744Z"
  }
},
{
  "model": "app.cyclist",
  "pk": 533,
  "fields": {
    "name": "DEWULF Stan",
    "team": "Decathlon AG2R La Mondiale Team",
    "value": 11,
    "created_at": "2025-06-27T16:23:59.854Z",
    "updated_at": "2025-06-27T16:23:59.854Z"
  }
},
{
  "model": "app.cyclist",
  "pk": 534,
  "fields": {
    "name": "ARMIRAIL Bruno",
    "team": "Decathlon AG2R La Mondiale Team",
    "value": 10,
    "created_at": "2025-06-27T16:23:59.979Z",
    "updated_at": "2025-06-27T16:23:59.980Z"
  }
},
{
  "model": "app.cyclist",
  "pk": 535,
  "fields": {
    "name": "SEIXAS Paul",
    "team": "Decathlon AG2R La Mondiale Team",
    "value": 9,
    "created_at": "2025-06-27T16:24:00.100Z",
    "updated_at": "2025-06-27T16:24:00.100Z"
  }
},
{
  "model": "app.cyclist",
  "pk": 536,
  "fields": {
    "name": "LAFAY Victor",
    "team": "Decathlon AG2R La Mondiale Team",
    "value": 8,
    "created_at": "2025-06-27T16:24:00.213Z",
    "updated_at": "2025-06-27T16:24:00.213Z"
  }
},
{
  "model": "app.cyclist",
  "pk": 537,
  "fields": {
    "name": "NAESEN Oliver",
    "team": "Decathlon AG2R La Mondiale Team",
    "value": 7,
    "created_at": "2025-06-27T16:24:00.342Z",
    "updated_at": "2025-06-27T16:24:00.342Z"
  }
},
{
  "model": "app.cyclist",
  "pk": 538,
  "fields": {
    "name": "SCOTSON Callum",
    "team": "Decathlon AG2R La Mondiale Team",
    "value": 7,
    "created_at": "2025-06-27T16:24:00.457Z",
    "updated_at": "2025-06-27T16:24:00.457Z"
  }
},
{
  "model": "app.cyclist",
  "pk": 539,
  "fields": {
    "name": "DE BONDT Dries",
    "team": "Decathlon AG2R La Mondiale Team",
    "value": 7,
    "created_at": "2025-06-27T16:24:00.589Z",
    "updated_at": "2025-06-27T16:24:00.589Z"
  }
},
{
  "model": "app.cyclist",
  "pk": 540,
  "fields": {
    "name": "VENDRAME Andrea",
    "team": "Decathlon AG2R La Mondiale Team",
    "value": 6,
    "created_at": "2025-06-27T16:24:00.724Z",
    "updated_at": "2025-06-27T16:24:00.724Z"
  }
},
{
  "model": "app.cyclist",
  "pk": 541,
  "fields": {
    "name": "CARAPAZ Richard",
    "team": "EF Education - EasyPost",
    "value": 55,
    "created_at": "2025-06-27T16:24:00.843Z",
    "updated_at": "2025-06-27T16:24:00.844Z"
  }
},
{
  "model": "app.cyclist",
  "pk": 542,
  "fields": {
    "name": "POWLESS Neilson",
    "team": "EF Education - EasyPost",
    "value": 33,
    "created_at": "2025-06-27T16:24:00.978Z",
    "updated_at": "2025-06-27T16:24:00.978Z"
  }
},
{
  "model": "app.cyclist",
  "pk": 543,
  "fields": {
    "name": "HEALY Ben",
    "team": "EF Education - EasyPost",
    "value": 34,
    "created_at": "2025-06-27T16:24:01.110Z",
    "updated_at": "2025-06-27T16:24:01.110Z"
  }
},
{
  "model": "app.cyclist",
  "pk": 544,
  "fields": {
    "name": "BAUDIN Alex",
    "team": "EF Education - EasyPost",
    "value": 18,
    "created_at": "2025-06-27T16:24:01.304Z",
    "updated_at": "2025-06-27T16:24:01.305Z"
  }
},
{
  "model": "app.cyclist",
  "pk": 545,
  "fields": {
    "name": "VAN DEN BERG Marijn",
    "team": "EF Education - EasyPost",
    "value": 17,
    "created_at": "2025-06-27T16:24:01.453Z",
    "updated_at": "2025-06-27T16:24:01.453Z"
  }
},
{
  "model": "app.cyclist",
  "pk": 546,
  "fields": {
    "name": "ALBANESE Vincenzo",
    "team": "EF Education - EasyPost",
    "value": 16,
    "created_at": "2025-06-27T16:24:01.598Z",
    "updated_at": "2025-06-27T16:24:01.598Z"
  }
},
{
  "model": "app.cyclist",
  "pk": 547,
  "fields": {
    "name": "MIHKELS Madis",
    "team": "EF Education - EasyPost",
    "value": 6,
    "created_at": "2025-06-27T16:24:01.728Z",
    "updated_at": "2025-06-27T16:24:01.728Z"
  }
},
{
  "model": "app.cyclist",
  "pk": 548,
  "fields": {
    "name": "ASGREEN Kasper",
    "team": "EF Education - EasyPost",
    "value": 10,
    "created_at": "2025-06-27T16:24:01.854Z",
    "updated_at": "2025-06-27T16:24:01.854Z"
  }
},
{
  "model": "app.cyclist",
  "pk": 549,
  "fields": {
    "name": "CEPEDA Jefferson Alexander",
    "team": "EF Education - EasyPost",
    "value": 9,
    "created_at": "2025-06-27T16:24:01.986Z",
    "updated_at": "2025-06-27T16:24:01.986Z"
  }
},
{
  "model": "app.cyclist",
  "pk": 550,
  "fields": {
    "name": "RYAN Archie",
    "team": "EF Education - EasyPost",
    "value": 6,
    "created_at": "2025-06-27T16:24:02.132Z",
    "updated_at": "2025-06-27T16:24:02.132Z"
  }
},
{
  "model": "app.cyclist",
  "pk": 551,
  "fields": {
    "name": "SWEENY Harry",
    "team": "EF Education - EasyPost",
    "value": 7,
    "created_at": "2025-06-27T16:24:02.299Z",
    "updated_at": "2025-06-27T16:24:02.299Z"
  }
},
{
  "model": "app.cyclist",
  "pk": 552,
  "fields": {
    "name": "HONORÉ Mikkel Frølich",
    "team": "EF Education - EasyPost",
    "value": 7,
    "created_at": "2025-06-27T16:24:02.424Z",
    "updated_at": "2025-06-27T16:24:02.424Z"
  }
},
{
  "model": "app.cyclist",
  "pk": 553,
  "fields": {
    "name": "GRÉGOIRE Romain",
    "team": "Groupama - FDJ",
    "value": 28,
    "created_at": "2025-06-27T16:24:02.570Z",
    "updated_at": "2025-06-27T16:24:02.570Z"
  }
},
{
  "model": "app.cyclist",
  "pk": 554,
  "fields": {
    "name": "KÜNG Stefan",
    "team": "Groupama - FDJ",
    "value": 22,
    "created_at": "2025-06-27T16:24:02.687Z",
    "updated_at": "2025-06-27T16:24:02.687Z"
  }
},
{
  "model": "app.cyclist",
  "pk": 555,
  "fields": {
    "name": "MARTIN Guillaume",
    "team": "Groupama - FDJ",
    "value": 17,
    "created_at": "2025-06-27T16:24:02.809Z",
    "updated_at": "2025-06-27T16:24:02.809Z"
  }
},
{
  "model": "app.cyclist",
  "pk": 556,
  "fields": {
    "name": "GAUDU David",
    "team": "Groupama - FDJ",
    "value": 22,
    "created_at": "2025-06-27T16:24:02.943Z",
    "updated_at": "2025-06-27T16:24:02.943Z"
  }
},
{
  "model": "app.cyclist",
  "pk": 557,
  "fields": {
    "name": "MADOUAS Valentin",
    "team": "Groupama - FDJ",
    "value": 21,
    "created_at": "2025-06-27T16:24:03.187Z",
    "updated_at": "2025-06-27T16:24:03.187Z"
  }
},
{
  "model": "app.cyclist",
  "pk": 558,
  "fields": {
    "name": "CAVAGNA Rémi",
    "team": "Groupama - FDJ",
    "value": 16,
    "created_at": "2025-06-27T16:24:03.323Z",
    "updated_at": "2025-06-27T16:24:03.323Z"
  }
},
{
  "model": "app.cyclist",
  "pk": 559,
  "fields": {
    "name": "ASKEY Lewis",
    "team": "Groupama - FDJ",
    "value": 14,
    "created_at": "2025-06-27T16:24:03.445Z",
    "updated_at": "2025-06-27T16:24:03.445Z"
  }
},
{
  "model": "app.cyclist",
  "pk": 560,
  "fields": {
    "name": "GRUEL Thibaud",
    "team": "Groupama - FDJ",
    "value": 6,
    "created_at": "2025-06-27T16:24:03.569Z",
    "updated_at": "2025-06-27T16:24:03.569Z"
  }
},
{
  "model": "app.cyclist",
  "pk": 561,
  "fields": {
    "name": "PENHOËT Paul",
    "team": "Groupama - FDJ",
    "value": 6,
    "created_at": "2025-06-27T16:24:03.696Z",
    "updated_at": "2025-06-27T16:24:03.697Z"
  }
},
{
  "model": "app.cyclist",
  "pk": 562,
  "fields": {
    "name": "PACHER Quentin",
    "team": "Groupama - FDJ",
    "value": 6,
    "created_at": "2025-06-27T16:24:03.819Z",
    "updated_at": "2025-06-27T16:24:03.819Z"
  }
},
{
  "model": "app.cyclist",
  "pk": 563,
  "fields": {
    "name": "MOLARD Rudy",
    "team": "Groupama - FDJ",
    "value": 6,
    "created_at": "2025-06-27T16:24:03.932Z",
    "updated_at": "2025-06-27T16:24:03.932Z"
  }
},
{
  "model": "app.cyclist",
  "pk": 564,
  "fields": {
    "name": "ROCHAS Rémy",
    "team": "Groupama - FDJ",
    "value": 6,
    "created_at": "2025-06-27T16:24:04.057Z",
    "updated_at": "2025-06-27T16:24:04.057Z"
  }
},
{
  "model": "app.cyclist",
  "pk": 565,
  "fields": {
    "name": "GANNA Filippo",
    "team": "INEOS Grenadiers",
    "value": 30,
    "created_at": "2025-06-27T16:24:04.179Z",
    "updated_at": "2025-06-27T16:24:04.179Z"
  }
},
{
  "model": "app.cyclist",
  "pk": 566,
  "fields": {
    "name": "SHEFFIELD Magnus",
    "team": "INEOS Grenadiers",
    "value": 28,
    "created_at": "2025-06-27T16:24:04.299Z",
    "updated_at": "2025-06-27T16:24:04.299Z"
  }
},
{
  "model": "app.cyclist",
  "pk": 567,
  "fields": {
    "name": "RODRÍGUEZ Carlos",
    "team": "INEOS Grenadiers",
    "value": 50,
    "created_at": "2025-06-27T16:24:04.419Z",
    "updated_at": "2025-06-27T16:24:04.419Z"
  }
},
{
  "model": "app.cyclist",
  "pk": 568,
  "fields": {
    "name": "BERNAL Egan",
    "team": "INEOS Grenadiers",
    "value": 45,
    "created_at": "2025-06-27T16:24:04.549Z",
    "updated_at": "2025-06-27T16:24:04.549Z"
  }
},
{
  "model": "app.cyclist",
  "pk": 569,
  "fields": {
    "name": "TARLING Joshua",
    "team": "INEOS Grenadiers",
    "value": 30,
    "created_at": "2025-06-27T16:24:04.667Z",
    "updated_at": "2025-06-27T16:24:04.667Z"
  }
},
{
  "model": "app.cyclist",
  "pk": 570,
  "fields": {
    "name": "ARENSMAN Thymen",
    "team": "INEOS Grenadiers",
    "value": 29,
    "created_at": "2025-06-27T16:24:04.789Z",
    "updated_at": "2025-06-27T16:24:04.789Z"
  }
},
{
  "model": "app.cyclist",
  "pk": 571,
  "fields": {
    "name": "THOMAS Geraint",
    "team": "INEOS Grenadiers",
    "value": 19,
    "created_at": "2025-06-27T16:24:04.907Z",
    "updated_at": "2025-06-27T16:24:04.907Z"
  }
},
{
  "model": "app.cyclist",
  "pk": 572,
  "fields": {
    "name": "WATSON Samuel",
    "team": "INEOS Grenadiers",
    "value": 7,
    "created_at": "2025-06-27T16:24:05.034Z",
    "updated_at": "2025-06-27T16:24:05.034Z"
  }
},
{
  "model": "app.cyclist",
  "pk": 573,
  "fields": {
    "name": "DE PLUS Laurens",
    "team": "INEOS Grenadiers",
    "value": 11,
    "created_at": "2025-06-27T16:24:05.152Z",
    "updated_at": "2025-06-27T16:24:05.152Z"
  }
},
{
  "model": "app.cyclist",
  "pk": 574,
  "fields": {
    "name": "LAURANCE Axel",
    "team": "INEOS Grenadiers",
    "value": 18,
    "created_at": "2025-06-27T16:24:05.375Z",
    "updated_at": "2025-06-27T16:24:05.375Z"
  }
},
{
  "model": "app.cyclist",
  "pk": 575,
  "fields": {
    "name": "FOSS Tobias",
    "team": "INEOS Grenadiers",
    "value": 17,
    "created_at": "2025-06-27T16:24:05.489Z",
    "updated_at": "2025-06-27T16:24:05.489Z"
  }
},
{
  "model": "app.cyclist",
  "pk": 576,
  "fields": {
    "name": "TURNER Ben",
    "team": "INEOS Grenadiers",
    "value": 16,
    "created_at": "2025-06-27T16:24:05.607Z",
    "updated_at": "2025-06-27T16:24:05.607Z"
  }
},
{
  "model": "app.cyclist",
  "pk": 577,
  "fields": {
    "name": "SWIFT Connor",
    "team": "INEOS Grenadiers",
    "value": 10,
    "created_at": "2025-06-27T16:24:05.723Z",
    "updated_at": "2025-06-27T16:24:05.723Z"
  }
},
{
  "model": "app.cyclist",
  "pk": 578,
  "fields": {
    "name": "GIRMAY Biniam",
    "team": "Intermarché - Wanty",
    "value": 50,
    "created_at": "2025-06-27T16:24:05.839Z",
    "updated_at": "2025-06-27T16:24:05.839Z"
  }
},
{
  "model": "app.cyclist",
  "pk": 579,
  "fields": {
    "name": "BARRÉ Louis",
    "team": "Intermarché - Wanty",
    "value": 20,
    "created_at": "2025-06-27T16:24:05.954Z",
    "updated_at": "2025-06-27T16:24:05.954Z"
  }
},
{
  "model": "app.cyclist",
  "pk": 580,
  "fields": {
    "name": "THIJSSEN Gerben",
    "team": "Intermarché - Wanty",
    "value": 18,
    "created_at": "2025-06-27T16:24:06.084Z",
    "updated_at": "2025-06-27T16:24:06.084Z"
  }
},
{
  "model": "app.cyclist",
  "pk": 581,
  "fields": {
    "name": "ZIMMERMANN Georg",
    "team": "Intermarché - Wanty",
    "value": 16,
    "created_at": "2025-06-27T16:24:06.209Z",
    "updated_at": "2025-06-27T16:24:06.210Z"
  }
},
{
  "model": "app.cyclist",
  "pk": 582,
  "fields": {
    "name": "PAGE Hugo",
    "team": "Intermarché - Wanty",
    "value": 9,
    "created_at": "2025-06-27T16:24:06.322Z",
    "updated_at": "2025-06-27T16:24:06.322Z"
  }
},
{
  "model": "app.cyclist",
  "pk": 583,
  "fields": {
    "name": "VAN SINTMAARTENSDIJK Roel",
    "team": "Intermarché - Wanty",
    "value": 2,
    "created_at": "2025-06-27T16:24:06.454Z",
    "updated_at": "2025-06-27T16:24:06.455Z"
  }
},
{
  "model": "app.cyclist",
  "pk": 584,
  "fields": {
    "name": "BRAET Vito",
    "team": "Intermarché - Wanty",
    "value": 6,
    "created_at": "2025-06-27T16:24:06.603Z",
    "updated_at": "2025-06-27T16:24:06.603Z"
  }
},
{
  "model": "app.cyclist",
  "pk": 585,
  "fields": {
    "name": "RUTSCH Jonas",
    "team": "Intermarché - Wanty",
    "value": 7,
    "created_at": "2025-06-27T16:24:06.719Z",
    "updated_at": "2025-06-27T16:24:06.719Z"
  }
},
{
  "model": "app.cyclist",
  "pk": 586,
  "fields": {
    "name": "REX Laurenz",
    "team": "Intermarché - Wanty",
    "value": 12,
    "created_at": "2025-06-27T16:24:06.844Z",
    "updated_at": "2025-06-27T16:24:06.844Z"
  }
},
{
  "model": "app.cyclist",
  "pk": 587,
  "fields": {
    "name": "MEINTJES Louis",
    "team": "Intermarché - Wanty",
    "value": 11,
    "created_at": "2025-06-27T16:24:06.985Z",
    "updated_at": "2025-06-27T16:24:06.985Z"
  }
},
{
  "model": "app.cyclist",
  "pk": 588,
  "fields": {
    "name": "MARIT Arne",
    "team": "Intermarché - Wanty",
    "value": 6,
    "created_at": "2025-06-27T16:24:07.384Z",
    "updated_at": "2025-06-27T16:24:07.384Z"
  }
},
{
  "model": "app.cyclist",
  "pk": 589,
  "fields": {
    "name": "BUSATTO Francesco",
    "team": "Intermarché - Wanty",
    "value": 6,
    "created_at": "2025-06-27T16:24:07.504Z",
    "updated_at": "2025-06-27T16:24:07.504Z"
  }
},
{
  "model": "app.cyclist",
  "pk": 590,
  "fields": {
    "name": "GEE Derek",
    "team": "Israel - Premier Tech",
    "value": 46,
    "created_at": "2025-06-27T16:24:07.615Z",
    "updated_at": "2025-06-27T16:24:07.615Z"
  }
},
{
  "model": "app.cyclist",
  "pk": 591,
  "fields": {
    "name": "STRONG Corbin",
    "team": "Israel - Premier Tech",
    "value": 31,
    "created_at": "2025-06-27T16:24:07.739Z",
    "updated_at": "2025-06-27T16:24:07.739Z"
  }
},
{
  "model": "app.cyclist",
  "pk": 592,
  "fields": {
    "name": "ACKERMANN Pascal",
    "team": "Israel - Premier Tech",
    "value": 21,
    "created_at": "2025-06-27T16:24:07.859Z",
    "updated_at": "2025-06-27T16:24:07.860Z"
  }
},
{
  "model": "app.cyclist",
  "pk": 593,
  "fields": {
    "name": "WOODS Michael",
    "team": "Israel - Premier Tech",
    "value": 17,
    "created_at": "2025-06-27T16:24:07.979Z",
    "updated_at": "2025-06-27T16:24:07.979Z"
  }
},
{
  "model": "app.cyclist",
  "pk": 594,
  "fields": {
    "name": "HOFSTETTER Hugo",
    "team": "Israel - Premier Tech",
    "value": 16,
    "created_at": "2025-06-27T16:24:08.174Z",
    "updated_at": "2025-06-27T16:24:08.174Z"
  }
},
{
  "model": "app.cyclist",
  "pk": 595,
  "fields": {
    "name": "LUTSENKO Alexey",
    "team": "Israel - Premier Tech",
    "value": 18,
    "created_at": "2025-06-27T16:24:08.304Z",
    "updated_at": "2025-06-27T16:24:08.304Z"
  }
},
{
  "model": "app.cyclist",
  "pk": 596,
  "fields": {
    "name": "BLACKMORE Joseph",
    "team": "Israel - Premier Tech",
    "value": 11,
    "created_at": "2025-06-27T16:24:08.424Z",
    "updated_at": "2025-06-27T16:24:08.424Z"
  }
},
{
  "model": "app.cyclist",
  "pk": 597,
  "fields": {
    "name": "VERNON Ethan",
    "team": "Israel - Premier Tech",
    "value": 11,
    "created_at": "2025-06-27T16:24:08.537Z",
    "updated_at": "2025-06-27T16:24:08.537Z"
  }
},
{
  "model": "app.cyclist",
  "pk": 598,
  "fields": {
    "name": "STEWART Jake",
    "team": "Israel - Premier Tech",
    "value": 9,
    "created_at": "2025-06-27T16:24:08.665Z",
    "updated_at": "2025-06-27T16:24:08.665Z"
  }
},
{
  "model": "app.cyclist",
  "pk": 599,
  "fields": {
    "name": "BOIVIN Guillaume",
    "team": "Israel - Premier Tech",
    "value": 6,
    "created_at": "2025-06-27T16:24:08.787Z",
    "updated_at": "2025-06-27T16:24:08.788Z"
  }
},
{
  "model": "app.cyclist",
  "pk": 600,
  "fields": {
    "name": "LOUVEL Matis",
    "team": "Israel - Premier Tech",
    "value": 11,
    "created_at": "2025-06-27T16:24:08.905Z",
    "updated_at": "2025-06-27T16:24:08.905Z"
  }
},
{
  "model": "app.cyclist",
  "pk": 601,
  "fields": {
    "name": "NEILANDS Krists",
    "team": "Israel - Premier Tech",
    "value": 11,
    "created_at": "2025-06-27T16:24:09.034Z",
    "updated_at": "2025-06-27T16:24:09.035Z"
  }
},
{
  "model": "app.cyclist",
  "pk": 602,
  "fields": {
    "name": "PEDERSEN Mads",
    "team": "Lidl - Trek",
    "value": 55,
    "created_at": "2025-06-27T16:24:09.154Z",
    "updated_at": "2025-06-27T16:24:09.154Z"
  }
},
{
  "model": "app.cyclist",
  "pk": 603,
  "fields": {
    "name": "CICCONE Giulio",
    "team": "Lidl - Trek",
    "value": 40,
    "created_at": "2025-06-27T16:24:09.268Z",
    "updated_at": "2025-06-27T16:24:09.268Z"
  }
},
{
  "model": "app.cyclist",
  "pk": 604,
  "fields": {
    "name": "SKJELMOSE Mattias",
    "team": "Lidl - Trek",
    "value": 43,
    "created_at": "2025-06-27T16:24:09.385Z",
    "updated_at": "2025-06-27T16:24:09.385Z"
  }
},
{
  "model": "app.cyclist",
  "pk": 605,
  "fields": {
    "name": "MILAN Jonathan",
    "team": "Lidl - Trek",
    "value": 48,
    "created_at": "2025-06-27T16:24:09.509Z",
    "updated_at": "2025-06-27T16:24:09.509Z"
  }
},
{
  "model": "app.cyclist",
  "pk": 606,
  "fields": {
    "name": "VACEK Mathias",
    "team": "Lidl - Trek",
    "value": 22,
    "created_at": "2025-06-27T16:24:09.623Z",
    "updated_at": "2025-06-27T16:24:09.623Z"
  }
},
{
  "model": "app.cyclist",
  "pk": 607,
  "fields": {
    "name": "SKUJIŅŠ Toms",
    "team": "Lidl - Trek",
    "value": 14,
    "created_at": "2025-06-27T16:24:09.753Z",
    "updated_at": "2025-06-27T16:24:09.753Z"
  }
},
{
  "model": "app.cyclist",
  "pk": 608,
  "fields": {
    "name": "NYS Thibau",
    "team": "Lidl - Trek",
    "value": 13,
    "created_at": "2025-06-27T16:24:09.862Z",
    "updated_at": "2025-06-27T16:24:09.862Z"
  }
},
{
  "model": "app.cyclist",
  "pk": 609,
  "fields": {
    "name": "STUYVEN Jasper",
    "team": "Lidl - Trek",
    "value": 16,
    "created_at": "2025-06-27T16:24:09.984Z",
    "updated_at": "2025-06-27T16:24:09.984Z"
  }
},
{
  "model": "app.cyclist",
  "pk": 610,
  "fields": {
    "name": "BAGIOLI Andrea",
    "team": "Lidl - Trek",
    "value": 11,
    "created_at": "2025-06-27T16:24:10.093Z",
    "updated_at": "2025-06-27T16:24:10.093Z"
  }
},
{
  "model": "app.cyclist",
  "pk": 611,
  "fields": {
    "name": "SIMMONS Quinn",
    "team": "Lidl - Trek",
    "value": 8,
    "created_at": "2025-06-27T16:24:10.214Z",
    "updated_at": "2025-06-27T16:24:10.214Z"
  }
},
{
  "model": "app.cyclist",
  "pk": 612,
  "fields": {
    "name": "GEOGHEGAN HART Tao",
    "team": "Lidl - Trek",
    "value": 15,
    "created_at": "2025-06-27T16:24:10.325Z",
    "updated_at": "2025-06-27T16:24:10.325Z"
  }
},
{
  "model": "app.cyclist",
  "pk": 613,
  "fields": {
    "name": "HOOLE Daan",
    "team": "Lidl - Trek",
    "value": 6,
    "created_at": "2025-06-27T16:24:10.434Z",
    "updated_at": "2025-06-27T16:24:10.435Z"
  }
},
{
  "model": "app.cyclist",
  "pk": 614,
  "fields": {
    "name": "MOLLEMA Bauke",
    "team": "Lidl - Trek",
    "value": 6,
    "created_at": "2025-06-27T16:24:10.565Z",
    "updated_at": "2025-06-27T16:24:10.565Z"
  }
},
{
  "model": "app.cyclist",
  "pk": 615,
  "fields": {
    "name": "TEUTENBERG Tim Torn",
    "team": "Lidl - Trek",
    "value": 6,
    "created_at": "2025-06-27T16:24:10.689Z",
    "updated_at": "2025-06-27T16:24:10.689Z"
  }
},
{
  "model": "app.cyclist",
  "pk": 616,
  "fields": {
    "name": "WITHEN PHILIPSEN Albert",
    "team": "Lidl - Trek",
    "value": 6,
    "created_at": "2025-06-27T16:24:10.825Z",
    "updated_at": "2025-06-27T16:24:10.825Z"
  }
},
{
  "model": "app.cyclist",
  "pk": 617,
  "fields": {
    "name": "VERONA Carlos",
    "team": "Lidl - Trek",
    "value": 8,
    "created_at": "2025-06-27T16:24:10.954Z",
    "updated_at": "2025-06-27T16:24:10.954Z"
  }
},
{
  "model": "app.cyclist",
  "pk": 618,
  "fields": {
    "name": "THEUNS Edward",
    "team": "Lidl - Trek",
    "value": 6,
    "created_at": "2025-06-27T16:24:11.067Z",
    "updated_at": "2025-06-27T16:24:11.067Z"
  }
},
{
  "model": "app.cyclist",
  "pk": 619,
  "fields": {
    "name": "CONSONNI Simone",
    "team": "Lidl - Trek",
    "value": 5,
    "created_at": "2025-06-27T16:24:11.194Z",
    "updated_at": "2025-06-27T16:24:11.194Z"
  }
},
{
  "model": "app.cyclist",
  "pk": 620,
  "fields": {
    "name": "BERNARD Julien",
    "team": "Lidl - Trek",
    "value": 4,
    "created_at": "2025-06-27T16:24:11.326Z",
    "updated_at": "2025-06-27T16:24:11.326Z"
  }
},
{
  "model": "app.cyclist",
  "pk": 621,
  "fields": {
    "name": "LÓPEZ Juan Pedro",
    "team": "Lidl - Trek",
    "value": 11,
    "created_at": "2025-06-27T16:24:11.444Z",
    "updated_at": "2025-06-27T16:24:11.444Z"
  }
},
{
  "model": "app.cyclist",
  "pk": 622,
  "fields": {
    "name": "DE LIE Arnaud",
    "team": "Lotto",
    "value": 37,
    "created_at": "2025-06-27T16:24:11.554Z",
    "updated_at": "2025-06-27T16:24:11.554Z"
  }
},
{
  "model": "app.cyclist",
  "pk": 623,
  "fields": {
    "name": "VAN EETVELT Lennert",
    "team": "Lotto",
    "value": 26,
    "created_at": "2025-06-27T16:24:11.684Z",
    "updated_at": "2025-06-27T16:24:11.684Z"
  }
},
{
  "model": "app.cyclist",
  "pk": 624,
  "fields": {
    "name": "SEGAERT Alec",
    "team": "Lotto",
    "value": 6,
    "created_at": "2025-06-27T16:24:11.799Z",
    "updated_at": "2025-06-27T16:24:11.799Z"
  }
},
{
  "model": "app.cyclist",
  "pk": 625,
  "fields": {
    "name": "MENTEN Milan",
    "team": "Lotto",
    "value": 7,
    "created_at": "2025-06-27T16:24:11.921Z",
    "updated_at": "2025-06-27T16:24:11.921Z"
  }
},
{
  "model": "app.cyclist",
  "pk": 626,
  "fields": {
    "name": "BERCKMOES Jenno",
    "team": "Lotto",
    "value": 6,
    "created_at": "2025-06-27T16:24:12.047Z",
    "updated_at": "2025-06-27T16:24:12.047Z"
  }
},
{
  "model": "app.cyclist",
  "pk": 627,
  "fields": {
    "name": "VAN MOER Brent",
    "team": "Lotto",
    "value": 6,
    "created_at": "2025-06-27T16:24:12.164Z",
    "updated_at": "2025-06-27T16:24:12.164Z"
  }
},
{
  "model": "app.cyclist",
  "pk": 628,
  "fields": {
    "name": "TAMINIAUX Lionel",
    "team": "Lotto",
    "value": 6,
    "created_at": "2025-06-27T16:24:12.272Z",
    "updated_at": "2025-06-27T16:24:12.272Z"
  }
},
{
  "model": "app.cyclist",
  "pk": 629,
  "fields": {
    "name": "DE BUYST Jasper",
    "team": "Lotto",
    "value": 6,
    "created_at": "2025-06-27T16:24:12.394Z",
    "updated_at": "2025-06-27T16:24:12.394Z"
  }
},
{
  "model": "app.cyclist",
  "pk": 630,
  "fields": {
    "name": "DRIZNERS Jarrad",
    "team": "Lotto",
    "value": 3,
    "created_at": "2025-06-27T16:24:12.539Z",
    "updated_at": "2025-06-27T16:24:12.539Z"
  }
},
{
  "model": "app.cyclist",
  "pk": 631,
  "fields": {
    "name": "SEPÚLVEDA Eduardo",
    "team": "Lotto",
    "value": 5,
    "created_at": "2025-06-27T16:24:12.654Z",
    "updated_at": "2025-06-27T16:24:12.654Z"
  }
},
{
  "model": "app.cyclist",
  "pk": 632,
  "fields": {
    "name": "LIVYNS Arjen",
    "team": "Lotto",
    "value": 6,
    "created_at": "2025-06-27T16:24:12.769Z",
    "updated_at": "2025-06-27T16:24:12.769Z"
  }
},
{
  "model": "app.cyclist",
  "pk": 633,
  "fields": {
    "name": "MAS Enric",
    "team": "Movistar Team",
    "value": 36,
    "created_at": "2025-06-27T16:24:12.883Z",
    "updated_at": "2025-06-27T16:24:12.883Z"
  }
},
{
  "model": "app.cyclist",
  "pk": 634,
  "fields": {
    "name": "ROMO Javier",
    "team": "Movistar Team",
    "value": 19,
    "created_at": "2025-06-27T16:24:12.994Z",
    "updated_at": "2025-06-27T16:24:12.994Z"
  }
},
{
  "model": "app.cyclist",
  "pk": 635,
  "fields": {
    "name": "AULAR Orluis",
    "team": "Movistar Team",
    "value": 14,
    "created_at": "2025-06-27T16:24:13.110Z",
    "updated_at": "2025-06-27T16:24:13.110Z"
  }
},
{
  "model": "app.cyclist",
  "pk": 636,
  "fields": {
    "name": "CASTRILLO Pablo",
    "team": "Movistar Team",
    "value": 13,
    "created_at": "2025-06-27T16:24:13.233Z",
    "updated_at": "2025-06-27T16:24:13.233Z"
  }
},
{
  "model": "app.cyclist",
  "pk": 637,
  "fields": {
    "name": "CEPEDA Jefferson Alveiro",
    "team": "Movistar Team",
    "value": 10,
    "created_at": "2025-06-27T16:24:13.349Z",
    "updated_at": "2025-06-27T16:24:13.349Z"
  }
},
{
  "model": "app.cyclist",
  "pk": 638,
  "fields": {
    "name": "ROMEO Iván",
    "team": "Movistar Team",
    "value": 9,
    "created_at": "2025-06-27T16:24:13.469Z",
    "updated_at": "2025-06-27T16:24:13.469Z"
  }
},
{
  "model": "app.cyclist",
  "pk": 639,
  "fields": {
    "name": "RUBIO Einer",
    "team": "Movistar Team",
    "value": 14,
    "created_at": "2025-06-27T16:24:13.585Z",
    "updated_at": "2025-06-27T16:24:13.585Z"
  }
},
{
  "model": "app.cyclist",
  "pk": 640,
  "fields": {
    "name": "CANAL Carlos",
    "team": "Movistar Team",
    "value": 6,
    "created_at": "2025-06-27T16:24:13.709Z",
    "updated_at": "2025-06-27T16:24:13.709Z"
  }
},
{
  "model": "app.cyclist",
  "pk": 641,
  "fields": {
    "name": "BARRENETXEA Jon",
    "team": "Movistar Team",
    "value": 6,
    "created_at": "2025-06-27T16:24:13.829Z",
    "updated_at": "2025-06-27T16:24:13.829Z"
  }
},
{
  "model": "app.cyclist",
  "pk": 642,
  "fields": {
    "name": "GAVIRIA Fernando",
    "team": "Movistar Team",
    "value": 7,
    "created_at": "2025-06-27T16:24:13.948Z",
    "updated_at": "2025-06-27T16:24:13.948Z"
  }
},
{
  "model": "app.cyclist",
  "pk": 643,
  "fields": {
    "name": "GARCÍA CORTINA Iván",
    "team": "Movistar Team",
    "value": 10,
    "created_at": "2025-06-27T16:24:14.070Z",
    "updated_at": "2025-06-27T16:24:14.070Z"
  }
},
{
  "model": "app.cyclist",
  "pk": 644,
  "fields": {
    "name": "OLIVEIRA Nelson",
    "team": "Movistar Team",
    "value": 8,
    "created_at": "2025-06-27T16:24:14.185Z",
    "updated_at": "2025-06-27T16:24:14.185Z"
  }
},
{
  "model": "app.cyclist",
  "pk": 645,
  "fields": {
    "name": "PIDCOCK Thomas",
    "team": "Q36.5 Pro Cycling Team",
    "value": 40,
    "created_at": "2025-06-27T16:24:14.309Z",
    "updated_at": "2025-06-27T16:24:14.309Z"
  }
},
{
  "model": "app.cyclist",
  "pk": 646,
  "fields": {
    "name": "CHRISTEN Fabio",
    "team": "Q36.5 Pro Cycling Team",
    "value": 17,
    "created_at": "2025-06-27T16:24:14.424Z",
    "updated_at": "2025-06-27T16:24:14.424Z"
  }
},
{
  "model": "app.cyclist",
  "pk": 647,
  "fields": {
    "name": "MOSCHETTI Matteo",
    "team": "Q36.5 Pro Cycling Team",
    "value": 16,
    "created_at": "2025-06-27T16:24:14.544Z",
    "updated_at": "2025-06-27T16:24:14.544Z"
  }
},
{
  "model": "app.cyclist",
  "pk": 648,
  "fields": {
    "name": "DE LA CRUZ David",
    "team": "Q36.5 Pro Cycling Team",
    "value": 11,
    "created_at": "2025-06-27T16:24:14.673Z",
    "updated_at": "2025-06-27T16:24:14.673Z"
  }
},
{
  "model": "app.cyclist",
  "pk": 649,
  "fields": {
    "name": "DONOVAN Mark",
    "team": "Q36.5 Pro Cycling Team",
    "value": 10,
    "created_at": "2025-06-27T16:24:14.799Z",
    "updated_at": "2025-06-27T16:24:14.799Z"
  }
},
{
  "model": "app.cyclist",
  "pk": 650,
  "fields": {
    "name": "ROGLIČ Primož",
    "team": "Red Bull - BORA - hansgrohe",
    "value": 70,
    "created_at": "2025-06-27T16:24:14.919Z",
    "updated_at": "2025-06-27T16:24:14.919Z"
  }
},
{
  "model": "app.cyclist",
  "pk": 651,
  "fields": {
    "name": "LIPOWITZ Florian",
    "team": "Red Bull - BORA - hansgrohe",
    "value": 60,
    "created_at": "2025-06-27T16:24:15.044Z",
    "updated_at": "2025-06-27T16:24:15.044Z"
  }
},
{
  "model": "app.cyclist",
  "pk": 652,
  "fields": {
    "name": "ADRIÀ Roger",
    "team": "Red Bull - BORA - hansgrohe",
    "value": 22,
    "created_at": "2025-06-27T16:24:15.159Z",
    "updated_at": "2025-06-27T16:24:15.159Z"
  }
},
{
  "model": "app.cyclist",
  "pk": 653,
  "fields": {
    "name": "FISHER-BLACK Finn",
    "team": "Red Bull - BORA - hansgrohe",
    "value": 17,
    "created_at": "2025-06-27T16:24:15.267Z",
    "updated_at": "2025-06-27T16:24:15.267Z"
  }
},
{
  "model": "app.cyclist",
  "pk": 654,
  "fields": {
    "name": "MEEUS Jordi",
    "team": "Red Bull - BORA - hansgrohe",
    "value": 30,
    "created_at": "2025-06-27T16:24:15.394Z",
    "updated_at": "2025-06-27T16:24:15.394Z"
  }
},
{
  "model": "app.cyclist",
  "pk": 655,
  "fields": {
    "name": "HINDLEY Jai",
    "team": "Red Bull - BORA - hansgrohe",
    "value": 40,
    "created_at": "2025-06-27T16:24:15.522Z",
    "updated_at": "2025-06-27T16:24:15.522Z"
  }
},
{
  "model": "app.cyclist",
  "pk": 656,
  "fields": {
    "name": "VAN POPPEL Danny",
    "team": "Red Bull - BORA - hansgrohe",
    "value": 8,
    "created_at": "2025-06-27T16:24:15.649Z",
    "updated_at": "2025-06-27T16:24:15.649Z"
  }
},
{
  "model": "app.cyclist",
  "pk": 657,
  "fields": {
    "name": "PELLIZZARI Giulio",
    "team": "Red Bull - BORA - hansgrohe",
    "value": 10,
    "created_at": "2025-06-27T16:24:15.764Z",
    "updated_at": "2025-06-27T16:24:15.764Z"
  }
},
{
  "model": "app.cyclist",
  "pk": 658,
  "fields": {
    "name": "VAN GILS Maxim",
    "team": "Red Bull - BORA - hansgrohe",
    "value": 17,
    "created_at": "2025-06-27T16:24:15.893Z",
    "updated_at": "2025-06-27T16:24:15.893Z"
  }
},
{
  "model": "app.cyclist",
  "pk": 659,
  "fields": {
    "name": "VAN DIJKE Mick",
    "team": "Red Bull - BORA - hansgrohe",
    "value": 2,
    "created_at": "2025-06-27T16:24:16.008Z",
    "updated_at": "2025-06-27T16:24:16.008Z"
  }
},
{
  "model": "app.cyclist",
  "pk": 660,
  "fields": {
    "name": "MOSCON Gianni",
    "team": "Red Bull - BORA - hansgrohe",
    "value": 4,
    "created_at": "2025-06-27T16:24:16.132Z",
    "updated_at": "2025-06-27T16:24:16.132Z"
  }
},
{
  "model": "app.cyclist",
  "pk": 661,
  "fields": {
    "name": "PITHIE Laurence",
    "team": "Red Bull - BORA - hansgrohe",
    "value": 13,
    "created_at": "2025-06-27T16:24:16.259Z",
    "updated_at": "2025-06-27T16:24:16.259Z"
  }
},
{
  "model": "app.cyclist",
  "pk": 662,
  "fields": {
    "name": "WANDAHL Frederik",
    "team": "Red Bull - BORA - hansgrohe",
    "value": 6,
    "created_at": "2025-06-27T16:24:16.374Z",
    "updated_at": "2025-06-27T16:24:16.374Z"
  }
},
{
  "model": "app.cyclist",
  "pk": 663,
  "fields": {
    "name": "WELSFORD Sam",
    "team": "Red Bull - BORA - hansgrohe",
    "value": 6,
    "created_at": "2025-06-27T16:24:16.669Z",
    "updated_at": "2025-06-27T16:24:16.669Z"
  }
},
{
  "model": "app.cyclist",
  "pk": 664,
  "fields": {
    "name": "VLASOV Aleksandr",
    "team": "Red Bull - BORA - hansgrohe",
    "value": 11,
    "created_at": "2025-06-27T16:24:16.794Z",
    "updated_at": "2025-06-27T16:24:16.794Z"
  }
},
{
  "model": "app.cyclist",
  "pk": 665,
  "fields": {
    "name": "EVENEPOEL Remco",
    "team": "Soudal Quick-Step",
    "value": 80,
    "created_at": "2025-06-27T16:24:16.918Z",
    "updated_at": "2025-06-27T16:24:16.918Z"
  }
},
{
  "model": "app.cyclist",
  "pk": 666,
  "fields": {
    "name": "MERLIER Tim",
    "team": "Soudal Quick-Step",
    "value": 50,
    "created_at": "2025-06-27T16:24:17.033Z",
    "updated_at": "2025-06-27T16:24:17.033Z"
  }
},
{
  "model": "app.cyclist",
  "pk": 667,
  "fields": {
    "name": "VAN GESTEL Dries",
    "team": "Soudal Quick-Step",
    "value": 7,
    "created_at": "2025-06-27T16:24:17.149Z",
    "updated_at": "2025-06-27T16:24:17.149Z"
  }
},
{
  "model": "app.cyclist",
  "pk": 668,
  "fields": {
    "name": "MAGNIER Paul",
    "team": "Soudal Quick-Step",
    "value": 17,
    "created_at": "2025-06-27T16:24:17.264Z",
    "updated_at": "2025-06-27T16:24:17.264Z"
  }
},
{
  "model": "app.cyclist",
  "pk": 669,
  "fields": {
    "name": "SCHACHMANN Maximilian",
    "team": "Soudal Quick-Step",
    "value": 17,
    "created_at": "2025-06-27T16:24:17.394Z",
    "updated_at": "2025-06-27T16:24:17.394Z"
  }
},
{
  "model": "app.cyclist",
  "pk": 670,
  "fields": {
    "name": "VAN WILDER Ilan",
    "team": "Soudal Quick-Step",
    "value": 16,
    "created_at": "2025-06-27T16:24:17.513Z",
    "updated_at": "2025-06-27T16:24:17.513Z"
  }
},
{
  "model": "app.cyclist",
  "pk": 671,
  "fields": {
    "name": "LAMPERTI Luke",
    "team": "Soudal Quick-Step",
    "value": 6,
    "created_at": "2025-06-27T16:24:17.634Z",
    "updated_at": "2025-06-27T16:24:17.634Z"
  }
},
{
  "model": "app.cyclist",
  "pk": 672,
  "fields": {
    "name": "LECERF Junior",
    "team": "Soudal Quick-Step",
    "value": 6,
    "created_at": "2025-06-27T16:24:17.754Z",
    "updated_at": "2025-06-27T16:24:17.754Z"
  }
},
{
  "model": "app.cyclist",
  "pk": 673,
  "fields": {
    "name": "CATTANEO Mattia",
    "team": "Soudal Quick-Step",
    "value": 8,
    "created_at": "2025-06-27T16:24:17.878Z",
    "updated_at": "2025-06-27T16:24:17.878Z"
  }
},
{
  "model": "app.cyclist",
  "pk": 674,
  "fields": {
    "name": "VANSEVENANT Mauri",
    "team": "Soudal Quick-Step",
    "value": 7,
    "created_at": "2025-06-27T16:24:17.993Z",
    "updated_at": "2025-06-27T16:24:17.993Z"
  }
},
{
  "model": "app.cyclist",
  "pk": 675,
  "fields": {
    "name": "EENKHOORN Pascal",
    "team": "Soudal Quick-Step",
    "value": 3,
    "created_at": "2025-06-27T16:24:18.108Z",
    "updated_at": "2025-06-27T16:24:18.108Z"
  }
},
{
  "model": "app.cyclist",
  "pk": 676,
  "fields": {
    "name": "PEDERSEN Casper",
    "team": "Soudal Quick-Step",
    "value": 5,
    "created_at": "2025-06-27T16:24:18.249Z",
    "updated_at": "2025-06-27T16:24:18.249Z"
  }
},
{
  "model": "app.cyclist",
  "pk": 677,
  "fields": {
    "name": "VAN LERBERGHE Bert",
    "team": "Soudal Quick-Step",
    "value": 3,
    "created_at": "2025-06-27T16:24:18.394Z",
    "updated_at": "2025-06-27T16:24:18.394Z"
  }
},
{
  "model": "app.cyclist",
  "pk": 678,
  "fields": {
    "name": "PARET-PEINTRE Valentin",
    "team": "Soudal Quick-Step",
    "value": 11,
    "created_at": "2025-06-27T16:24:18.514Z",
    "updated_at": "2025-06-27T16:24:18.514Z"
  }
},
{
  "model": "app.cyclist",
  "pk": 679,
  "fields": {
    "name": "O'CONNOR Ben",
    "team": "Team Jayco AlUla",
    "value": 40,
    "created_at": "2025-06-27T16:24:18.623Z",
    "updated_at": "2025-06-27T16:24:18.623Z"
  }
},
{
  "model": "app.cyclist",
  "pk": 680,
  "fields": {
    "name": "MATTHEWS Michael",
    "team": "Team Jayco AlUla",
    "value": 30,
    "created_at": "2025-06-27T16:24:18.757Z",
    "updated_at": "2025-06-27T16:24:18.757Z"
  }
},
{
  "model": "app.cyclist",
  "pk": 681,
  "fields": {
    "name": "SCHMID Mauro",
    "team": "Team Jayco AlUla",
    "value": 9,
    "created_at": "2025-06-27T16:24:18.879Z",
    "updated_at": "2025-06-27T16:24:18.879Z"
  }
},
{
  "model": "app.cyclist",
  "pk": 682,
  "fields": {
    "name": "GROENEWEGEN Dylan",
    "team": "Team Jayco AlUla",
    "value": 17,
    "created_at": "2025-06-27T16:24:19.019Z",
    "updated_at": "2025-06-27T16:24:19.019Z"
  }
},
{
  "model": "app.cyclist",
  "pk": 683,
  "fields": {
    "name": "KRIJNSEN Jelte",
    "team": "Team Jayco AlUla",
    "value": 6,
    "created_at": "2025-06-27T16:24:19.141Z",
    "updated_at": "2025-06-27T16:24:19.141Z"
  }
},
{
  "model": "app.cyclist",
  "pk": 684,
  "fields": {
    "name": "REINDERS Elmar",
    "team": "Team Jayco AlUla",
    "value": 5,
    "created_at": "2025-06-27T16:24:19.258Z",
    "updated_at": "2025-06-27T16:24:19.258Z"
  }
},
{
  "model": "app.cyclist",
  "pk": 685,
  "fields": {
    "name": "JUUL-JENSEN Christopher",
    "team": "Team Jayco AlUla",
    "value": 5,
    "created_at": "2025-06-27T16:24:19.378Z",
    "updated_at": "2025-06-27T16:24:19.378Z"
  }
},
{
  "model": "app.cyclist",
  "pk": 686,
  "fields": {
    "name": "DUNBAR Eddie",
    "team": "Team Jayco AlUla",
    "value": 16,
    "created_at": "2025-06-27T16:24:19.492Z",
    "updated_at": "2025-06-27T16:24:19.492Z"
  }
},
{
  "model": "app.cyclist",
  "pk": 687,
  "fields": {
    "name": "FOLDAGER Anders",
    "team": "Team Jayco AlUla",
    "value": 6,
    "created_at": "2025-06-27T16:24:19.632Z",
    "updated_at": "2025-06-27T16:24:19.632Z"
  }
},
{
  "model": "app.cyclist",
  "pk": 688,
  "fields": {
    "name": "WALSCHEID Max",
    "team": "Team Jayco AlUla",
    "value": 6,
    "created_at": "2025-06-27T16:24:19.754Z",
    "updated_at": "2025-06-27T16:24:19.754Z"
  }
},
{
  "model": "app.cyclist",
  "pk": 689,
  "fields": {
    "name": "DURBRIDGE Luke",
    "team": "Team Jayco AlUla",
    "value": 6,
    "created_at": "2025-06-27T16:24:20.630Z",
    "updated_at": "2025-06-27T16:24:20.630Z"
  }
},
{
  "model": "app.cyclist",
  "pk": 690,
  "fields": {
    "name": "ZANA Filippo",
    "team": "Team Jayco AlUla",
    "value": 13,
    "created_at": "2025-06-27T16:24:20.746Z",
    "updated_at": "2025-06-27T16:24:20.746Z"
  }
},
{
  "model": "app.cyclist",
  "pk": 691,
  "fields": {
    "name": "MEZGEC Luka",
    "team": "Team Jayco AlUla",
    "value": 11,
    "created_at": "2025-06-27T16:24:20.929Z",
    "updated_at": "2025-06-27T16:24:20.929Z"
  }
},
{
  "model": "app.cyclist",
  "pk": 692,
  "fields": {
    "name": "PLAPP Luke",
    "team": "Team Jayco AlUla",
    "value": 19,
    "created_at": "2025-06-27T16:24:21.129Z",
    "updated_at": "2025-06-27T16:24:21.129Z"
  }
},
{
  "model": "app.cyclist",
  "pk": 693,
  "fields": {
    "name": "HARPER Chris",
    "team": "Team Jayco AlUla",
    "value": 18,
    "created_at": "2025-06-27T16:24:21.329Z",
    "updated_at": "2025-06-27T16:24:21.329Z"
  }
},
{
  "model": "app.cyclist",
  "pk": 694,
  "fields": {
    "name": "ONLEY Oscar",
    "team": "Team Picnic PostNL",
    "value": 19,
    "created_at": "2025-06-27T16:24:21.469Z",
    "updated_at": "2025-06-27T16:24:21.469Z"
  }
},
{
  "model": "app.cyclist",
  "pk": 695,
  "fields": {
    "name": "POOLE Max",
    "team": "Team Picnic PostNL",
    "value": 18,
    "created_at": "2025-06-27T16:24:21.609Z",
    "updated_at": "2025-06-27T16:24:21.609Z"
  }
},
{
  "model": "app.cyclist",
  "pk": 696,
  "fields": {
    "name": "ANDRESEN Tobias Lund",
    "team": "Team Picnic PostNL",
    "value": 17,
    "created_at": "2025-06-27T16:24:21.734Z",
    "updated_at": "2025-06-27T16:24:21.734Z"
  }
},
{
  "model": "app.cyclist",
  "pk": 697,
  "fields": {
    "name": "BITTNER Pavel",
    "team": "Team Picnic PostNL",
    "value": 16,
    "created_at": "2025-06-27T16:24:21.859Z",
    "updated_at": "2025-06-27T16:24:21.859Z"
  }
},
{
  "model": "app.cyclist",
  "pk": 698,
  "fields": {
    "name": "VERMAERKE Kevin",
    "team": "Team Picnic PostNL",
    "value": 15,
    "created_at": "2025-06-27T16:24:21.985Z",
    "updated_at": "2025-06-27T16:24:21.985Z"
  }
},
{
  "model": "app.cyclist",
  "pk": 699,
  "fields": {
    "name": "VAN DEN BROEK Frank",
    "team": "Team Picnic PostNL",
    "value": 14,
    "created_at": "2025-06-27T16:24:22.162Z",
    "updated_at": "2025-06-27T16:24:22.162Z"
  }
},
{
  "model": "app.cyclist",
  "pk": 700,
  "fields": {
    "name": "VAN UDEN Casper",
    "team": "Team Picnic PostNL",
    "value": 13,
    "created_at": "2025-06-27T16:24:22.279Z",
    "updated_at": "2025-06-27T16:24:22.279Z"
  }
},
{
  "model": "app.cyclist",
  "pk": 701,
  "fields": {
    "name": "EEKHOFF Nils",
    "team": "Team Picnic PostNL",
    "value": 12,
    "created_at": "2025-06-27T16:24:22.411Z",
    "updated_at": "2025-06-27T16:24:22.411Z"
  }
},
{
  "model": "app.cyclist",
  "pk": 702,
  "fields": {
    "name": "JEANNIÈRE Emilien",
    "team": "Team TotalEnergies",
    "value": 12,
    "created_at": "2025-06-27T16:24:22.551Z",
    "updated_at": "2025-06-27T16:24:22.551Z"
  }
},
{
  "model": "app.cyclist",
  "pk": 703,
  "fields": {
    "name": "JEGAT Jordan",
    "team": "Team TotalEnergies",
    "value": 8,
    "created_at": "2025-06-27T16:24:22.673Z",
    "updated_at": "2025-06-27T16:24:22.673Z"
  }
},
{
  "model": "app.cyclist",
  "pk": 704,
  "fields": {
    "name": "BURGAUDEAU Mathieu",
    "team": "Team TotalEnergies",
    "value": 8,
    "created_at": "2025-06-27T16:24:22.798Z",
    "updated_at": "2025-06-27T16:24:22.798Z"
  }
},
{
  "model": "app.cyclist",
  "pk": 705,
  "fields": {
    "name": "TURGIS Anthony",
    "team": "Team TotalEnergies",
    "value": 17,
    "created_at": "2025-06-27T16:24:22.920Z",
    "updated_at": "2025-06-27T16:24:22.920Z"
  }
},
{
  "model": "app.cyclist",
  "pk": 706,
  "fields": {
    "name": "VERCHER Mattéo",
    "team": "Team TotalEnergies",
    "value": 7,
    "created_at": "2025-06-27T16:24:23.042Z",
    "updated_at": "2025-06-27T16:24:23.042Z"
  }
},
{
  "model": "app.cyclist",
  "pk": 707,
  "fields": {
    "name": "CRAS Steff",
    "team": "Team TotalEnergies",
    "value": 13,
    "created_at": "2025-06-27T16:24:23.169Z",
    "updated_at": "2025-06-27T16:24:23.169Z"
  }
},
{
  "model": "app.cyclist",
  "pk": 708,
  "fields": {
    "name": "DELETTRE Alexandre",
    "team": "Team TotalEnergies",
    "value": 6,
    "created_at": "2025-06-27T16:24:23.297Z",
    "updated_at": "2025-06-27T16:24:23.297Z"
  }
},
{
  "model": "app.cyclist",
  "pk": 709,
  "fields": {
    "name": "LATOUR Pierre",
    "team": "Team TotalEnergies",
    "value": 6,
    "created_at": "2025-06-27T16:24:23.493Z",
    "updated_at": "2025-06-27T16:24:23.493Z"
  }
},
{
  "model": "app.cyclist",
  "pk": 710,
  "fields": {
    "name": "DUJARDIN Sandy",
    "team": "Team TotalEnergies",
    "value": 6,
    "created_at": "2025-06-27T16:24:23.610Z",
    "updated_at": "2025-06-27T16:24:23.610Z"
  }
},
{
  "model": "app.cyclist",
  "pk": 711,
  "fields": {
    "name": "VAN AERT Wout",
    "team": "Team Visma | Lease a Bike",
    "value": 50,
    "created_at": "2025-06-27T16:24:23.719Z",
    "updated_at": "2025-06-27T16:24:23.719Z"
  }
},
{
  "model": "app.cyclist",
  "pk": 712,
  "fields": {
    "name": "VINGEGAARD Jonas",
    "team": "Team Visma | Lease a Bike",
    "value": 100,
    "created_at": "2025-06-27T16:24:23.834Z",
    "updated_at": "2025-06-27T16:24:23.834Z"
  }
},
{
  "model": "app.cyclist",
  "pk": 713,
  "fields": {
    "name": "JORGENSON Matteo",
    "team": "Team Visma | Lease a Bike",
    "value": 64,
    "created_at": "2025-06-27T16:24:23.952Z",
    "updated_at": "2025-06-27T16:24:23.952Z"
  }
},
{
  "model": "app.cyclist",
  "pk": 714,
  "fields": {
    "name": "KOOIJ Olav",
    "team": "Team Visma | Lease a Bike",
    "value": 50,
    "created_at": "2025-06-27T16:24:24.064Z",
    "updated_at": "2025-06-27T16:24:24.065Z"
  }
},
{
  "model": "app.cyclist",
  "pk": 715,
  "fields": {
    "name": "YATES Simon",
    "team": "Team Visma | Lease a Bike",
    "value": 50,
    "created_at": "2025-06-27T16:24:24.179Z",
    "updated_at": "2025-06-27T16:24:24.179Z"
  }
},
{
  "model": "app.cyclist",
  "pk": 716,
  "fields": {
    "name": "BRENNAN Matthew",
    "team": "Team Visma | Lease a Bike",
    "value": 22,
    "created_at": "2025-06-27T16:24:24.304Z",
    "updated_at": "2025-06-27T16:24:24.304Z"
  }
},
{
  "model": "app.cyclist",
  "pk": 717,
  "fields": {
    "name": "KELDERMAN Wilco",
    "team": "Team Visma | Lease a Bike",
    "value": 21,
    "created_at": "2025-06-27T16:24:24.416Z",
    "updated_at": "2025-06-27T16:24:24.416Z"
  }
},
{
  "model": "app.cyclist",
  "pk": 718,
  "fields": {
    "name": "LAPORTE Christophe",
    "team": "Team Visma | Lease a Bike",
    "value": 14,
    "created_at": "2025-06-27T16:24:24.544Z",
    "updated_at": "2025-06-27T16:24:24.544Z"
  }
},
{
  "model": "app.cyclist",
  "pk": 719,
  "fields": {
    "name": "BENOOT Tiesj",
    "team": "Team Visma | Lease a Bike",
    "value": 13,
    "created_at": "2025-06-27T16:24:24.659Z",
    "updated_at": "2025-06-27T16:24:24.659Z"
  }
},
{
  "model": "app.cyclist",
  "pk": 720,
  "fields": {
    "name": "TULETT Ben",
    "team": "Team Visma | Lease a Bike",
    "value": 12,
    "created_at": "2025-06-27T16:24:24.775Z",
    "updated_at": "2025-06-27T16:24:24.775Z"
  }
},
{
  "model": "app.cyclist",
  "pk": 721,
  "fields": {
    "name": "HAGENES Per Strand",
    "team": "Team Visma | Lease a Bike",
    "value": 10,
    "created_at": "2025-06-27T16:24:25.034Z",
    "updated_at": "2025-06-27T16:24:25.034Z"
  }
},
{
  "model": "app.cyclist",
  "pk": 722,
  "fields": {
    "name": "ZINGLE Axel",
    "team": "Team Visma | Lease a Bike",
    "value": 9,
    "created_at": "2025-06-27T16:24:25.189Z",
    "updated_at": "2025-06-27T16:24:25.189Z"
  }
},
{
  "model": "app.cyclist",
  "pk": 723,
  "fields": {
    "name": "AFFINI Edoardo",
    "team": "Team Visma | Lease a Bike",
    "value": 8,
    "created_at": "2025-06-27T16:24:25.374Z",
    "updated_at": "2025-06-27T16:24:25.374Z"
  }
},
{
  "model": "app.cyclist",
  "pk": 724,
  "fields": {
    "name": "KUSS Sepp",
    "team": "Team Visma | Lease a Bike",
    "value": 21,
    "created_at": "2025-06-27T16:24:25.492Z",
    "updated_at": "2025-06-27T16:24:25.492Z"
  }
},
{
  "model": "app.cyclist",
  "pk": 725,
  "fields": {
    "name": "VALTER Attila",
    "team": "Team Visma | Lease a Bike",
    "value": 15,
    "created_at": "2025-06-27T16:24:25.715Z",
    "updated_at": "2025-06-27T16:24:25.715Z"
  }
},
{
  "model": "app.cyclist",
  "pk": 726,
  "fields": {
    "name": "CAMPENAERTS Victor",
    "team": "Team Visma | Lease a Bike",
    "value": 13,
    "created_at": "2025-06-27T16:24:25.842Z",
    "updated_at": "2025-06-27T16:24:25.842Z"
  }
},
{
  "model": "app.cyclist",
  "pk": 727,
  "fields": {
    "name": "NORDHAGEN Jørgen",
    "team": "Team Visma | Lease a Bike",
    "value": 6,
    "created_at": "2025-06-27T16:24:25.972Z",
    "updated_at": "2025-06-27T16:24:25.972Z"
  }
},
{
  "model": "app.cyclist",
  "pk": 728,
  "fields": {
    "name": "HIRSCHI Marc",
    "team": "Tudor Pro Cycling Team",
    "value": 30,
    "created_at": "2025-06-27T16:24:26.170Z",
    "updated_at": "2025-06-27T16:24:26.170Z"
  }
},
{
  "model": "app.cyclist",
  "pk": 729,
  "fields": {
    "name": "STORER Michael",
    "team": "Tudor Pro Cycling Team",
    "value": 26,
    "created_at": "2025-06-27T16:24:26.282Z",
    "updated_at": "2025-06-27T16:24:26.282Z"
  }
},
{
  "model": "app.cyclist",
  "pk": 730,
  "fields": {
    "name": "ALAPHILIPPE Julian",
    "team": "Tudor Pro Cycling Team",
    "value": 30,
    "created_at": "2025-06-27T16:24:26.398Z",
    "updated_at": "2025-06-27T16:24:26.399Z"
  }
},
{
  "model": "app.cyclist",
  "pk": 731,
  "fields": {
    "name": "TRENTIN Matteo",
    "team": "Tudor Pro Cycling Team",
    "value": 19,
    "created_at": "2025-06-27T16:24:26.535Z",
    "updated_at": "2025-06-27T16:24:26.535Z"
  }
},
{
  "model": "app.cyclist",
  "pk": 732,
  "fields": {
    "name": "PLUIMERS Rick",
    "team": "Tudor Pro Cycling Team",
    "value": 6,
    "created_at": "2025-06-27T16:24:26.671Z",
    "updated_at": "2025-06-27T16:24:26.671Z"
  }
},
{
  "model": "app.cyclist",
  "pk": 733,
  "fields": {
    "name": "DE KLEIJN Arvid",
    "team": "Tudor Pro Cycling Team",
    "value": 20,
    "created_at": "2025-06-27T16:24:26.794Z",
    "updated_at": "2025-06-27T16:24:26.794Z"
  }
},
{
  "model": "app.cyclist",
  "pk": 734,
  "fields": {
    "name": "STORK Florian",
    "team": "Tudor Pro Cycling Team",
    "value": 6,
    "created_at": "2025-06-27T16:24:26.934Z",
    "updated_at": "2025-06-27T16:24:26.934Z"
  }
},
{
  "model": "app.cyclist",
  "pk": 735,
  "fields": {
    "name": "BRENNER Marco",
    "team": "Tudor Pro Cycling Team",
    "value": 6,
    "created_at": "2025-06-27T16:24:27.064Z",
    "updated_at": "2025-06-27T16:24:27.064Z"
  }
},
{
  "model": "app.cyclist",
  "pk": 736,
  "fields": {
    "name": "HALLER Marco",
    "team": "Tudor Pro Cycling Team",
    "value": 11,
    "created_at": "2025-06-27T16:24:27.189Z",
    "updated_at": "2025-06-27T16:24:27.189Z"
  }
},
{
  "model": "app.cyclist",
  "pk": 737,
  "fields": {
    "name": "DAINESE Alberto",
    "team": "Tudor Pro Cycling Team",
    "value": 10,
    "created_at": "2025-06-27T16:24:27.314Z",
    "updated_at": "2025-06-27T16:24:27.314Z"
  }
},
{
  "model": "app.cyclist",
  "pk": 738,
  "fields": {
    "name": "POGAČAR Tadej",
    "team": "UAE Team Emirates - XRG",
    "value": 100,
    "created_at": "2025-06-27T16:24:27.437Z",
    "updated_at": "2025-06-27T16:24:27.437Z"
  }
},
{
  "model": "app.cyclist",
  "pk": 739,
  "fields": {
    "name": "ALMEIDA João",
    "team": "UAE Team Emirates - XRG",
    "value": 60,
    "created_at": "2025-06-27T16:24:27.553Z",
    "updated_at": "2025-06-27T16:24:27.553Z"
  }
},
{
  "model": "app.cyclist",
  "pk": 740,
  "fields": {
    "name": "YATES Adam",
    "team": "UAE Team Emirates - XRG",
    "value": 60,
    "created_at": "2025-06-27T16:24:27.662Z",
    "updated_at": "2025-06-27T16:24:27.662Z"
  }
},
{
  "model": "app.cyclist",
  "pk": 741,
  "fields": {
    "name": "AYUSO Juan",
    "team": "UAE Team Emirates - XRG",
    "value": 60,
    "created_at": "2025-06-27T16:24:27.778Z",
    "updated_at": "2025-06-27T16:24:27.778Z"
  }
},
{
  "model": "app.cyclist",
  "pk": 742,
  "fields": {
    "name": "DEL TORO Isaac",
    "team": "UAE Team Emirates - XRG",
    "value": 40,
    "created_at": "2025-06-27T16:24:27.904Z",
    "updated_at": "2025-06-27T16:24:27.904Z"
  }
},
{
  "model": "app.cyclist",
  "pk": 743,
  "fields": {
    "name": "MCNULTY Brandon",
    "team": "UAE Team Emirates - XRG",
    "value": 40,
    "created_at": "2025-06-27T16:24:28.033Z",
    "updated_at": "2025-06-27T16:24:28.033Z"
  }
},
{
  "model": "app.cyclist",
  "pk": 744,
  "fields": {
    "name": "WELLENS Tim",
    "team": "UAE Team Emirates - XRG",
    "value": 40,
    "created_at": "2025-06-27T16:24:28.154Z",
    "updated_at": "2025-06-27T16:24:28.154Z"
  }
},
{
  "model": "app.cyclist",
  "pk": 745,
  "fields": {
    "name": "VINE Jay",
    "team": "UAE Team Emirates - XRG",
    "value": 30,
    "created_at": "2025-06-27T16:24:28.289Z",
    "updated_at": "2025-06-27T16:24:28.289Z"
  }
},
{
  "model": "app.cyclist",
  "pk": 746,
  "fields": {
    "name": "SIVAKOV Pavel",
    "team": "UAE Team Emirates - XRG",
    "value": 25,
    "created_at": "2025-06-27T16:24:28.444Z",
    "updated_at": "2025-06-27T16:24:28.444Z"
  }
},
{
  "model": "app.cyclist",
  "pk": 747,
  "fields": {
    "name": "CHRISTEN Jan",
    "team": "UAE Team Emirates - XRG",
    "value": 12,
    "created_at": "2025-06-27T16:24:28.594Z",
    "updated_at": "2025-06-27T16:24:28.594Z"
  }
},
{
  "model": "app.cyclist",
  "pk": 748,
  "fields": {
    "name": "NARVÁEZ Jhonatan",
    "team": "UAE Team Emirates - XRG",
    "value": 23,
    "created_at": "2025-06-27T16:24:28.707Z",
    "updated_at": "2025-06-27T16:24:28.707Z"
  }
},
{
  "model": "app.cyclist",
  "pk": 749,
  "fields": {
    "name": "SOLER Marc",
    "team": "UAE Team Emirates - XRG",
    "value": 23,
    "created_at": "2025-06-27T16:24:28.844Z",
    "updated_at": "2025-06-27T16:24:28.844Z"
  }
},
{
  "model": "app.cyclist",
  "pk": 750,
  "fields": {
    "name": "MORGADO António",
    "team": "UAE Team Emirates - XRG",
    "value": 11,
    "created_at": "2025-06-27T16:24:28.962Z",
    "updated_at": "2025-06-27T16:24:28.962Z"
  }
},
{
  "model": "app.cyclist",
  "pk": 751,
  "fields": {
    "name": "GROßSCHARTNER Felix",
    "team": "UAE Team Emirates - XRG",
    "value": 14,
    "created_at": "2025-06-27T16:24:29.092Z",
    "updated_at": "2025-06-27T16:24:29.092Z"
  }
},
{
  "model": "app.cyclist",
  "pk": 752,
  "fields": {
    "name": "MOLANO Juan Sebastián",
    "team": "UAE Team Emirates - XRG",
    "value": 18,
    "created_at": "2025-06-27T16:24:29.282Z",
    "updated_at": "2025-06-27T16:24:29.282Z"
  }
},
{
  "model": "app.cyclist",
  "pk": 753,
  "fields": {
    "name": "COVI Alessandro",
    "team": "UAE Team Emirates - XRG",
    "value": 8,
    "created_at": "2025-06-27T16:24:29.399Z",
    "updated_at": "2025-06-27T16:24:29.399Z"
  }
},
{
  "model": "app.cyclist",
  "pk": 754,
  "fields": {
    "name": "BARONCINI Filippo",
    "team": "UAE Team Emirates - XRG",
    "value": 5,
    "created_at": "2025-06-27T16:24:29.523Z",
    "updated_at": "2025-06-27T16:24:29.523Z"
  }
},
{
  "model": "app.cyclist",
  "pk": 755,
  "fields": {
    "name": "VERMEERSCH Florian",
    "team": "UAE Team Emirates - XRG",
    "value": 15,
    "created_at": "2025-06-27T16:24:29.650Z",
    "updated_at": "2025-06-27T16:24:29.650Z"
  }
},
{
  "model": "app.cyclist",
  "pk": 756,
  "fields": {
    "name": "CORT Magnus",
    "team": "Uno-X Mobility",
    "value": 23,
    "created_at": "2025-06-27T16:24:29.769Z",
    "updated_at": "2025-06-27T16:24:29.769Z"
  }
},
{
  "model": "app.cyclist",
  "pk": 757,
  "fields": {
    "name": "KRISTOFF Alexander",
    "team": "Uno-X Mobility",
    "value": 19,
    "created_at": "2025-06-27T16:24:29.881Z",
    "updated_at": "2025-06-27T16:24:29.881Z"
  }
},
{
  "model": "app.cyclist",
  "pk": 758,
  "fields": {
    "name": "WÆRENSKJOLD Søren",
    "team": "Uno-X Mobility",
    "value": 17,
    "created_at": "2025-06-27T16:24:30.002Z",
    "updated_at": "2025-06-27T16:24:30.002Z"
  }
},
{
  "model": "app.cyclist",
  "pk": 759,
  "fields": {
    "name": "JOHANNESSEN Tobias Halland",
    "team": "Uno-X Mobility",
    "value": 16,
    "created_at": "2025-06-27T16:24:30.111Z",
    "updated_at": "2025-06-27T16:24:30.111Z"
  }
},
{
  "model": "app.cyclist",
  "pk": 760,
  "fields": {
    "name": "DVERSNES Fredrik",
    "team": "Uno-X Mobility",
    "value": 15,
    "created_at": "2025-06-27T16:24:30.234Z",
    "updated_at": "2025-06-27T16:24:30.234Z"
  }
},
{
  "model": "app.cyclist",
  "pk": 761,
  "fields": {
    "name": "HOELGAARD Markus",
    "team": "Uno-X Mobility",
    "value": 13,
    "created_at": "2025-06-27T16:24:30.354Z",
    "updated_at": "2025-06-27T16:24:30.354Z"
  }
},
{
  "model": "app.cyclist",
  "pk": 762,
  "fields": {
    "name": "BLIKRA Erlend",
    "team": "Uno-X Mobility",
    "value": 12,
    "created_at": "2025-06-27T16:24:30.484Z",
    "updated_at": "2025-06-27T16:24:30.484Z"
  }
},
{
  "model": "app.cyclist",
  "pk": 763,
  "fields": {
    "name": "LEKNESSUND Andreas",
    "team": "Uno-X Mobility",
    "value": 12,
    "created_at": "2025-06-27T16:24:30.609Z",
    "updated_at": "2025-06-27T16:24:30.609Z"
  }
},
{
  "model": "app.cyclist",
  "pk": 764,
  "fields": {
    "name": "KULSET Johannes",
    "team": "Uno-X Mobility",
    "value": 10,
    "created_at": "2025-06-27T16:24:30.729Z",
    "updated_at": "2025-06-27T16:24:30.729Z"
  }
},
{
  "model": "app.cyclist",
  "pk": 765,
  "fields": {
    "name": "JOHANNESSEN Anders Halland",
    "team": "Uno-X Mobility",
    "value": 9,
    "created_at": "2025-06-27T16:24:30.849Z",
    "updated_at": "2025-06-27T16:24:30.849Z"
  }
},
{
  "model": "app.cyclist",
  "pk": 766,
  "fields": {
    "name": "FREDHEIM Stian",
    "team": "Uno-X Mobility",
    "value": 8,
    "created_at": "2025-06-27T16:24:30.988Z",
    "updated_at": "2025-06-27T16:24:30.988Z"
  }
},
{
  "model": "app.cyclist",
  "pk": 767,
  "fields": {
    "name": "TILLER Rasmus",
    "team": "Uno-X Mobility",
    "value": 6,
    "created_at": "2025-06-27T16:24:31.119Z",
    "updated_at": "2025-06-27T16:24:31.119Z"
  }
},
{
  "model": "app.cyclist",
  "pk": 768,
  "fields": {
    "name": "ABRAHAMSEN Jonas",
    "team": "Uno-X Mobility",
    "value": 6,
    "created_at": "2025-06-27T16:24:31.239Z",
    "updated_at": "2025-06-27T16:24:31.239Z"
  }
},
{
  "model": "app.cyclist",
  "pk": 769,
  "fields": {
    "name": "ULISSI Diego",
    "team": "XDS Astana Team",
    "value": 11,
    "created_at": "2025-06-27T16:24:31.353Z",
    "updated_at": "2025-06-27T16:24:31.353Z"
  }
},
{
  "model": "app.cyclist",
  "pk": 770,
  "fields": {
    "name": "FORTUNATO Lorenzo",
    "team": "XDS Astana Team",
    "value": 16,
    "created_at": "2025-06-27T16:24:31.474Z",
    "updated_at": "2025-06-27T16:24:31.474Z"
  }
},
{
  "model": "app.cyclist",
  "pk": 771,
  "fields": {
    "name": "CHAMPOUSSIN Clément",
    "team": "XDS Astana Team",
    "value": 15,
    "created_at": "2025-06-27T16:24:31.589Z",
    "updated_at": "2025-06-27T16:24:31.589Z"
  }
},
{
  "model": "app.cyclist",
  "pk": 772,
  "fields": {
    "name": "SCARONI Christian",
    "team": "XDS Astana Team",
    "value": 14,
    "created_at": "2025-06-27T16:24:31.698Z",
    "updated_at": "2025-06-27T16:24:31.698Z"
  }
},
{
  "model": "app.cyclist",
  "pk": 773,
  "fields": {
    "name": "TEUNISSEN Mike",
    "team": "XDS Astana Team",
    "value": 13,
    "created_at": "2025-06-27T16:24:31.824Z",
    "updated_at": "2025-06-27T16:24:31.824Z"
  }
},
{
  "model": "app.cyclist",
  "pk": 774,
  "fields": {
    "name": "LÓPEZ Harold Martín",
    "team": "XDS Astana Team",
    "value": 7,
    "created_at": "2025-06-27T16:24:31.949Z",
    "updated_at": "2025-06-27T16:24:31.949Z"
  }
},
{
  "model": "app.cyclist",
  "pk": 775,
  "fields": {
    "name": "VELASCO Simone",
    "team": "XDS Astana Team",
    "value": 8,
    "created_at": "2025-06-27T16:24:32.099Z",
    "updated_at": "2025-06-27T16:24:32.099Z"
  }
},
{
  "model": "app.cyclist",
  "pk": 776,
  "fields": {
    "name": "KANTER Max",
    "team": "XDS Astana Team",
    "value": 9,
    "created_at": "2025-06-27T16:24:32.208Z",
    "updated_at": "2025-06-27T16:24:32.208Z"
  }
},
{
  "model": "app.cyclist",
  "pk": 777,
  "fields": {
    "name": "GATE Aaron",
    "team": "XDS Astana Team",
    "value": 10,
    "created_at": "2025-06-27T16:24:32.349Z",
    "updated_at": "2025-06-27T16:24:32.349Z"
  }
},
{
  "model": "app.cyclist",
  "pk": 778,
  "fields": {
    "name": "MULUBRHAN Henok",
    "team": "XDS Astana Team",
    "value": 6,
    "created_at": "2025-06-27T16:24:32.498Z",
    "updated_at": "2025-06-27T16:24:32.498Z"
  }
},
{
  "model": "app.cyclist",
  "pk": 779,
  "fields": {
    "name": "TEJADA Harold",
    "team": "XDS Astana Team",
    "value": 6,
    "created_at": "2025-06-27T16:24:32.638Z",
    "updated_at": "2025-06-27T16:24:32.638Z"
  }
},
{
  "model": "app.cyclist",
  "pk": 780,
  "fields": {
    "name": "MALUCELLI Matteo",
    "team": "XDS Astana Team",
    "value": 6,
    "created_at": "2025-06-27T16:24:32.754Z",
    "updated_at": "2025-06-27T16:24:32.754Z"
  }
},
{
  "model": "app.cyclist",
  "pk": 781,
  "fields": {
    "name": "POELS Wout",
    "team": "XDS Astana Team",
    "value": 10,
    "created_at": "2025-06-27T16:24:32.872Z",
    "updated_at": "2025-06-27T16:24:32.872Z"
  }
},
{
  "model": "app.cyclist",
  "pk": 782,
  "fields": {
    "name": "BOL Cees",
    "team": "XDS Astana Team",
    "value": 6,
    "created_at": "2025-06-27T16:24:32.989Z",
    "updated_at": "2025-06-27T16:24:32.990Z"
  }
},
{
  "model": "app.cyclist",
  "pk": 783,
  "fields": {
    "name": "HIGUITA Sergio",
    "team": "XDS Astana Team",
    "value": 11,
    "created_at": "2025-06-27T16:24:33.134Z",
    "updated_at": "2025-06-27T16:24:33.134Z"
  }
},
{
  "model": "app.cyclist",
  "pk": 784,
  "fields": {
    "name": "BETTIOL Alberto",
    "team": "XDS Astana Team",
    "value": 15,
    "created_at": "2025-06-27T16:24:33.258Z",
    "updated_at": "2025-06-27T16:24:33.258Z"
  }
},
{
  "model": "app.cyclist",
  "pk": 785,
  "fields": {
    "name": "FEDOROV Yevgeniy",
    "team": "XDS Astana Team",
    "value": 9,
    "created_at": "2025-06-27T16:24:33.382Z",
    "updated_at": "2025-06-27T16:24:33.382Z"
  }
},
{
  "model": "app.cyclist",
  "pk": 786,
  "fields": {
    "name": "BALLERINI Davide",
    "team": "XDS Astana Team",
    "value": 13,
    "created_at": "2025-06-27T16:24:33.504Z",
    "updated_at": "2025-06-27T16:24:33.504Z"
  }
},
{
  "model": "app.cyclist",
  "pk": 787,
  "fields": {
    "name": "MARTIN LOPEZ Harold",
    "team": "XDS Astana Team",
    "value": 4,
    "created_at": "2025-06-27T16:24:33.629Z",
    "updated_at": "2025-06-27T16:24:33.629Z"
  }
},
{
  "model": "app.cyclist",
  "pk": 788,
  "fields": {
    "name": "BARGUIL Warren",
    "team": "Team Picnic PostNL",
    "value": 8,
    "created_at": "2025-06-27T16:24:33.749Z",
    "updated_at": "2025-06-27T16:24:33.749Z"
  }
},
{
  "model": "app.cyclist",
  "pk": 789,
  "fields": {
    "name": "FLYNN Sean",
    "team": "Team Picnic PostNL",
    "value": 9,
    "created_at": "2025-06-27T16:24:33.869Z",
    "updated_at": "2025-06-27T16:24:33.869Z"
  }
},
{
  "model": "app.cyclist",
  "pk": 790,
  "fields": {
    "name": "ROOSEN Timo",
    "team": "Team Picnic PostNL",
    "value": 4,
    "created_at": "2025-06-27T16:24:33.989Z",
    "updated_at": "2025-06-27T16:24:33.989Z"
  }
},
{
  "model": "app.cyclist",
  "pk": 791,
  "fields": {
    "name": "ALLEGAERT Piet",
    "team": "Cofidis",
    "value": 3,
    "created_at": "2025-06-27T16:24:34.109Z",
    "updated_at": "2025-06-27T16:24:34.109Z"
  }
},
{
  "model": "app.cyclist",
  "pk": 792,
  "fields": {
    "name": "COSTIOU Ewen",
    "team": "Arkéa - B&B Hotels",
    "value": 9,
    "created_at": "2025-06-27T16:24:34.265Z",
    "updated_at": "2025-06-27T16:24:34.265Z"
  }
},
{
  "model": "app.cyclist",
  "pk": 793,
  "fields": {
    "name": "CAPIOT Amaury",
    "team": "Arkéa - B&B Hotels",
    "value": 4,
    "created_at": "2025-06-27T16:24:34.404Z",
    "updated_at": "2025-06-27T16:24:34.404Z"
  }
},
{
  "model": "app.cyclist",
  "pk": 794,
  "fields": {
    "name": "GARCIA PIERNA Raul",
    "team": "Arkéa - B&B Hotels",
    "value": 2,
    "created_at": "2025-06-27T16:24:34.527Z",
    "updated_at": "2025-06-27T16:24:34.527Z"
  }
},
{
  "model": "app.cyclist",
  "pk": 795,
  "fields": {
    "name": "GUERNALEC Thibault",
    "team": "Arkéa - B&B Hotels",
    "value": 7,
    "created_at": "2025-06-27T16:24:34.644Z",
    "updated_at": "2025-06-27T16:24:34.644Z"
  }
},
{
  "model": "app.cyclist",
  "pk": 796,
  "fields": {
    "name": "LE BERRE",
    "team": "Arkéa - B&B Hotels",
    "value": 6,
    "created_at": "2025-06-27T16:24:34.764Z",
    "updated_at": "2025-06-27T16:24:34.764Z"
  }
},
{
  "model": "app.cyclist",
  "pk": 797,
  "fields": {
    "name": "RONDEL Mathys",
    "team": "Tudor Pro Cycling Team",
    "value": 9,
    "created_at": "2025-06-27T16:24:34.889Z",
    "updated_at": "2025-06-27T16:24:34.889Z"
  }
},
{
  "model": "app.cyclist",
  "pk": 798,
  "fields": {
    "name": "MAYRHOFER Marius",
    "team": "Tudor Pro Cycling Team",
    "value": 14,
    "created_at": "2025-06-27T16:24:35.008Z",
    "updated_at": "2025-06-27T16:24:35.008Z"
  }
},
{
  "model": "app.cyclist",
  "pk": 799,
  "fields": {
    "name": "MONET Vincent",
    "team": "Dacker",
    "value": 100,
    "created_at": "2025-06-27T16:24:35.125Z",
    "updated_at": "2025-06-27T16:24:35.125Z"
  }
},
{
  "model": "app.cyclist",
  "pk": 800,
  "fields": {
    "name": "DUBREUIL Pierre",
    "team": "Team esanté",
    "value": 100,
    "created_at": "2025-06-27T16:24:35.259Z",
    "updated_at": "2025-06-27T16:24:35.259Z"
  }
},
{
  "model": "app.cyclist",
  "pk": 801,
  "fields": {
    "name": "BARTHE Cyril",
    "team": "Groupama - FDJ",
    "value": 5,
    "created_at": "2025-06-30T15:23:38.541Z",
    "updated_at": "2025-06-30T15:23:38.541Z"
  }
},
{
  "model": "app.cyclist",
  "pk": 802,
  "fields": {
    "name": "RUSSO Clément",
    "team": "Groupama - FDJ",
    "value": 4,
    "created_at": "2025-06-30T15:24:19.958Z",
    "updated_at": "2025-06-30T15:24:19.958Z"
  }
},
{
  "model": "app.cyclist",
  "pk": 803,
  "fields": {
    "name": "TOUZE Damien",
    "team": "Cofidis",
    "value": 3,
    "created_at": "2025-06-30T15:25:09.562Z",
    "updated_at": "2025-06-30T15:25:09.562Z"
  }
},
{
  "model": "app.cyclist",
  "pk": 804,
  "fields": {
    "name": "KWIATKOWSKI Michał",
    "team": "INEOS Grenadiers",
    "value": 10,
    "created_at": "2025-06-30T15:25:46.252Z",
    "updated_at": "2025-06-30T15:25:46.252Z"
  }
},
{
  "model": "app.cyclist",
  "pk": 805,
  "fields": {
    "name": "BARTA Will",
    "team": "Movistar Team",
    "value": 7,
    "created_at": "2025-06-30T15:26:33.088Z",
    "updated_at": "2025-06-30T15:26:33.088Z"
  }
},
{
  "model": "app.cyclist",
  "pk": 806,
  "fields": {
    "name": "NABERMAN Tim",
    "team": "Team Picnic PostNL",
    "value": 4,
    "created_at": "2025-06-30T15:27:15.404Z",
    "updated_at": "2025-06-30T15:27:15.404Z"
  }
},
{
  "model": "app.cyclist",
  "pk": 807,
  "fields": {
    "name": "MÄRKL Niklas",
    "team": "Team Picnic PostNL",
    "value": 3,
    "created_at": "2025-06-30T15:27:42.755Z",
    "updated_at": "2025-06-30T15:27:42.755Z"
  }
},
{
  "model": "app.cyclist",
  "pk": 808,
  "fields": {
    "name": "LIENHARD Fabian",
    "team": "Tudor Pro Cycling Team",
    "value": 6,
    "created_at": "2025-06-30T15:48:15.764Z",
    "updated_at": "2025-06-30T15:48:15.764Z"
  }
},
{
  "model": "app.league",
  "pk": 21,
  "fields": {
    "name": "Test League",
    "creator": [
      "player1"
    ],
    "competition": 15,
    "invite_code": "3762XFU2",
    "is_active": true,
    "created_at": "2025-06-26T09:18:48.920Z",
    "updated_at": "2025-06-26T09:18:49.112Z",
    "auction_finished": null
  }
},
{
  "model": "app.league",
  "pk": 22,
  "fields": {
    "name": "TDF11",
    "creator": [
      "admin"
    ],
    "competition": 16,
    "invite_code": "Q5A0I6RQ",
    "is_active": false,
    "created_at": "2025-06-27T16:50:51.911Z",
    "updated_at": "2025-06-27T16:50:51.911Z",
    "auction_finished": null
  }
},
{
  "model": "app.league",
  "pk": 23,
  "fields": {
    "name": "Tour de test 2025",
    "creator": [
      "MazzinhoProCycling"
    ],
    "competition": 16,
    "invite_code": "GY6RI47O",
    "is_active": true,
    "created_at": "2025-06-27T16:51:43.008Z",
    "updated_at": "2025-06-27T16:57:19.444Z",
    "auction_finished": null
  }
},
{
  "model": "app.league",
  "pk": 24,
  "fields": {
    "name": "Tour 2 test 2025",
    "creator": [
      "MazzinhoProCycling"
    ],
    "competition": 16,
    "invite_code": "2RV3HF3H",
    "is_active": true,
    "created_at": "2025-06-27T17:18:16.278Z",
    "updated_at": "2025-06-28T15:39:24.997Z",
    "auction_finished": null
  }
},
{
  "model": "app.league",
  "pk": 25,
  "fields": {
    "name": "Tour de France Arcep 25",
    "creator": [
      "MazzinhoProCycling"
    ],
    "competition": 16,
    "invite_code": "AGQG1Z3P",
    "is_active": true,
    "created_at": "2025-06-30T09:20:52.365Z",
    "updated_at": "2025-07-02T11:51:26.813Z",
    "auction_finished": null
  }
},
{
  "model": "app.league",
  "pk": 26,
  "fields": {
    "name": "Test enchères cachées",
    "creator": [
      "TeamDeVince"
    ],
    "competition": 16,
    "invite_code": "8JHEG8IU",
    "is_active": true,
    "created_at": "2025-06-30T16:02:20.247Z",
    "updated_at": "2025-06-30T16:06:05.190Z",
    "auction_finished": true
  }
},
{
  "model": "app.league",
  "pk": 27,
  "fields": {
    "name": "Tour de France Longchamp 2025",
    "creator": [
      "MazzinhoProCycling"
    ],
    "competition": 16,
    "invite_code": "4N9SQ4LU",
    "is_active": true,
    "created_at": "2025-07-01T06:43:57.868Z",
    "updated_at": "2025-07-01T17:01:58.945Z",
    "auction_finished": null
  }
},
{
  "model": "app.league",
  "pk": 28,
  "fields": {
    "name": "TDF Dacker 2025",
    "creator": [
      "TeamDeVince"
    ],
    "competition": 16,
    "invite_code": "3PLZQTMC",
    "is_active": false,
    "created_at": "2025-07-02T11:09:11.296Z",
    "updated_at": "2025-07-02T11:09:11.296Z",
    "auction_finished": null
  }
},
{
  "model": "app.teamcyclist",
  "pk": 428,
  "fields": {
    "team": 87,
    "league": 23,
    "cyclist": 485,
    "price": 72,
    "locked": true,
    "submitted_at": "2025-06-27T17:00:22.607Z"
  }
},
{
  "model": "app.teamcyclist",
  "pk": 429,
  "fields": {
    "team": 87,
    "league": 23,
    "cyclist": 502,
    "price": 51,
    "locked": true,
    "submitted_at": "2025-06-27T17:00:23.318Z"
  }
},
{
  "model": "app.teamcyclist",
  "pk": 430,
  "fields": {
    "team": 87,
    "league": 23,
    "cyclist": 512,
    "price": 26,
    "locked": true,
    "submitted_at": "2025-06-27T17:00:24.025Z"
  }
},
{
  "model": "app.teamcyclist",
  "pk": 431,
  "fields": {
    "team": 87,
    "league": 23,
    "cyclist": 523,
    "price": 50,
    "locked": true,
    "submitted_at": "2025-06-27T17:00:24.732Z"
  }
},
{
  "model": "app.teamcyclist",
  "pk": 432,
  "fields": {
    "team": 87,
    "league": 23,
    "cyclist": 530,
    "price": 21,
    "locked": true,
    "submitted_at": "2025-06-27T17:00:25.439Z"
  }
},
{
  "model": "app.teamcyclist",
  "pk": 433,
  "fields": {
    "team": 87,
    "league": 23,
    "cyclist": 567,
    "price": 51,
    "locked": true,
    "submitted_at": "2025-06-27T17:00:26.146Z"
  }
},
{
  "model": "app.teamcyclist",
  "pk": 434,
  "fields": {
    "team": 87,
    "league": 23,
    "cyclist": 578,
    "price": 51,
    "locked": true,
    "submitted_at": "2025-06-27T17:00:26.853Z"
  }
},
{
  "model": "app.teamcyclist",
  "pk": 435,
  "fields": {
    "team": 87,
    "league": 23,
    "cyclist": 591,
    "price": 32,
    "locked": true,
    "submitted_at": "2025-06-27T17:00:27.594Z"
  }
},
{
  "model": "app.teamcyclist",
  "pk": 436,
  "fields": {
    "team": 87,
    "league": 23,
    "cyclist": 595,
    "price": 18,
    "locked": true,
    "submitted_at": "2025-06-27T17:00:28.302Z"
  }
},
{
  "model": "app.teamcyclist",
  "pk": 437,
  "fields": {
    "team": 87,
    "league": 23,
    "cyclist": 596,
    "price": 13,
    "locked": true,
    "submitted_at": "2025-06-27T17:00:29.009Z"
  }
},
{
  "model": "app.teamcyclist",
  "pk": 438,
  "fields": {
    "team": 87,
    "league": 23,
    "cyclist": 599,
    "price": 6,
    "locked": true,
    "submitted_at": "2025-06-27T17:00:29.716Z"
  }
},
{
  "model": "app.teamcyclist",
  "pk": 439,
  "fields": {
    "team": 87,
    "league": 23,
    "cyclist": 600,
    "price": 37,
    "locked": true,
    "submitted_at": "2025-06-27T17:00:30.448Z"
  }
},
{
  "model": "app.teamcyclist",
  "pk": 440,
  "fields": {
    "team": 87,
    "league": 23,
    "cyclist": 601,
    "price": 11,
    "locked": true,
    "submitted_at": "2025-06-27T17:00:31.155Z"
  }
},
{
  "model": "app.teamcyclist",
  "pk": 441,
  "fields": {
    "team": 87,
    "league": 23,
    "cyclist": 602,
    "price": 55,
    "locked": true,
    "submitted_at": "2025-06-27T17:00:31.877Z"
  }
},
{
  "model": "app.teamcyclist",
  "pk": 442,
  "fields": {
    "team": 88,
    "league": 23,
    "cyclist": 487,
    "price": 40,
    "locked": true,
    "submitted_at": "2025-06-27T17:00:32.726Z"
  }
},
{
  "model": "app.teamcyclist",
  "pk": 443,
  "fields": {
    "team": 88,
    "league": 23,
    "cyclist": 488,
    "price": 16,
    "locked": true,
    "submitted_at": "2025-06-27T17:00:33.433Z"
  }
},
{
  "model": "app.teamcyclist",
  "pk": 444,
  "fields": {
    "team": 88,
    "league": 23,
    "cyclist": 489,
    "price": 11,
    "locked": true,
    "submitted_at": "2025-06-27T17:00:34.141Z"
  }
},
{
  "model": "app.teamcyclist",
  "pk": 445,
  "fields": {
    "team": 88,
    "league": 23,
    "cyclist": 493,
    "price": 6,
    "locked": true,
    "submitted_at": "2025-06-27T17:00:34.848Z"
  }
},
{
  "model": "app.teamcyclist",
  "pk": 446,
  "fields": {
    "team": 88,
    "league": 23,
    "cyclist": 494,
    "price": 6,
    "locked": true,
    "submitted_at": "2025-06-27T17:00:35.555Z"
  }
},
{
  "model": "app.teamcyclist",
  "pk": 447,
  "fields": {
    "team": 88,
    "league": 23,
    "cyclist": 496,
    "price": 17,
    "locked": true,
    "submitted_at": "2025-06-27T17:00:36.262Z"
  }
},
{
  "model": "app.teamcyclist",
  "pk": 448,
  "fields": {
    "team": 88,
    "league": 23,
    "cyclist": 497,
    "price": 7,
    "locked": true,
    "submitted_at": "2025-06-27T17:00:37.031Z"
  }
},
{
  "model": "app.teamcyclist",
  "pk": 449,
  "fields": {
    "team": 88,
    "league": 23,
    "cyclist": 498,
    "price": 8,
    "locked": true,
    "submitted_at": "2025-06-27T17:00:37.738Z"
  }
},
{
  "model": "app.teamcyclist",
  "pk": 450,
  "fields": {
    "team": 88,
    "league": 23,
    "cyclist": 501,
    "price": 23,
    "locked": true,
    "submitted_at": "2025-06-27T17:00:38.446Z"
  }
},
{
  "model": "app.teamcyclist",
  "pk": 451,
  "fields": {
    "team": 88,
    "league": 23,
    "cyclist": 506,
    "price": 25,
    "locked": true,
    "submitted_at": "2025-06-27T17:00:39.153Z"
  }
},
{
  "model": "app.teamcyclist",
  "pk": 452,
  "fields": {
    "team": 88,
    "league": 23,
    "cyclist": 492,
    "price": 281,
    "locked": true,
    "submitted_at": "2025-06-27T17:00:39.860Z"
  }
},
{
  "model": "app.teamcyclist",
  "pk": 453,
  "fields": {
    "team": 87,
    "league": 23,
    "cyclist": 547,
    "price": 6,
    "locked": true,
    "submitted_at": "2025-06-27T17:03:59.424Z"
  }
},
{
  "model": "app.teamcyclist",
  "pk": 454,
  "fields": {
    "team": 88,
    "league": 23,
    "cyclist": 500,
    "price": 5,
    "locked": true,
    "submitted_at": "2025-06-27T17:04:00.296Z"
  }
},
{
  "model": "app.teamcyclist",
  "pk": 455,
  "fields": {
    "team": 88,
    "league": 23,
    "cyclist": 503,
    "price": 17,
    "locked": true,
    "submitted_at": "2025-06-27T17:04:01.022Z"
  }
},
{
  "model": "app.teamcyclist",
  "pk": 456,
  "fields": {
    "team": 88,
    "league": 23,
    "cyclist": 507,
    "price": 38,
    "locked": true,
    "submitted_at": "2025-06-27T17:04:01.748Z"
  }
},
{
  "model": "app.teamcyclist",
  "pk": 457,
  "fields": {
    "team": 89,
    "league": 24,
    "cyclist": 489,
    "price": 14,
    "locked": true,
    "submitted_at": "2025-06-28T17:12:08.208Z"
  }
},
{
  "model": "app.teamcyclist",
  "pk": 458,
  "fields": {
    "team": 89,
    "league": 24,
    "cyclist": 490,
    "price": 22,
    "locked": true,
    "submitted_at": "2025-06-28T17:12:08.920Z"
  }
},
{
  "model": "app.teamcyclist",
  "pk": 459,
  "fields": {
    "team": 89,
    "league": 24,
    "cyclist": 496,
    "price": 21,
    "locked": true,
    "submitted_at": "2025-06-28T17:12:09.630Z"
  }
},
{
  "model": "app.teamcyclist",
  "pk": 460,
  "fields": {
    "team": 89,
    "league": 24,
    "cyclist": 498,
    "price": 11,
    "locked": true,
    "submitted_at": "2025-06-28T17:12:10.343Z"
  }
},
{
  "model": "app.teamcyclist",
  "pk": 461,
  "fields": {
    "team": 89,
    "league": 24,
    "cyclist": 500,
    "price": 6,
    "locked": true,
    "submitted_at": "2025-06-28T17:12:11.053Z"
  }
},
{
  "model": "app.teamcyclist",
  "pk": 462,
  "fields": {
    "team": 89,
    "league": 24,
    "cyclist": 795,
    "price": 8,
    "locked": true,
    "submitted_at": "2025-06-28T17:12:11.763Z"
  }
},
{
  "model": "app.teamcyclist",
  "pk": 463,
  "fields": {
    "team": 89,
    "league": 24,
    "cyclist": 796,
    "price": 8,
    "locked": true,
    "submitted_at": "2025-06-28T17:12:12.480Z"
  }
},
{
  "model": "app.teamcyclist",
  "pk": 464,
  "fields": {
    "team": 90,
    "league": 24,
    "cyclist": 492,
    "price": 6,
    "locked": true,
    "submitted_at": "2025-06-28T17:12:13.339Z"
  }
},
{
  "model": "app.teamcyclist",
  "pk": 465,
  "fields": {
    "team": 90,
    "league": 24,
    "cyclist": 493,
    "price": 6,
    "locked": true,
    "submitted_at": "2025-06-28T17:12:14.049Z"
  }
},
{
  "model": "app.teamcyclist",
  "pk": 466,
  "fields": {
    "team": 90,
    "league": 24,
    "cyclist": 510,
    "price": 10,
    "locked": true,
    "submitted_at": "2025-06-28T17:12:14.761Z"
  }
},
{
  "model": "app.teamcyclist",
  "pk": 467,
  "fields": {
    "team": 90,
    "league": 24,
    "cyclist": 608,
    "price": 83,
    "locked": true,
    "submitted_at": "2025-06-28T17:12:15.492Z"
  }
},
{
  "model": "app.teamcyclist",
  "pk": 468,
  "fields": {
    "team": 90,
    "league": 24,
    "cyclist": 798,
    "price": 14,
    "locked": true,
    "submitted_at": "2025-06-28T17:12:16.206Z"
  }
},
{
  "model": "app.teamcyclist",
  "pk": 469,
  "fields": {
    "team": 90,
    "league": 24,
    "cyclist": 799,
    "price": 100,
    "locked": true,
    "submitted_at": "2025-06-28T17:12:16.916Z"
  }
},
{
  "model": "app.teamcyclist",
  "pk": 470,
  "fields": {
    "team": 90,
    "league": 24,
    "cyclist": 800,
    "price": 193,
    "locked": true,
    "submitted_at": "2025-06-28T17:12:17.626Z"
  }
},
{
  "model": "app.teamcyclist",
  "pk": 471,
  "fields": {
    "team": 91,
    "league": 24,
    "cyclist": 485,
    "price": 150,
    "locked": true,
    "submitted_at": "2025-06-28T17:12:18.479Z"
  }
},
{
  "model": "app.teamcyclist",
  "pk": 472,
  "fields": {
    "team": 91,
    "league": 24,
    "cyclist": 486,
    "price": 149,
    "locked": true,
    "submitted_at": "2025-06-28T17:12:19.203Z"
  }
},
{
  "model": "app.teamcyclist",
  "pk": 473,
  "fields": {
    "team": 91,
    "league": 24,
    "cyclist": 488,
    "price": 16,
    "locked": true,
    "submitted_at": "2025-06-28T17:12:19.924Z"
  }
},
{
  "model": "app.teamcyclist",
  "pk": 474,
  "fields": {
    "team": 91,
    "league": 24,
    "cyclist": 487,
    "price": 40,
    "locked": true,
    "submitted_at": "2025-06-28T17:12:20.635Z"
  }
},
{
  "model": "app.teamcyclist",
  "pk": 475,
  "fields": {
    "team": 91,
    "league": 24,
    "cyclist": 494,
    "price": 6,
    "locked": true,
    "submitted_at": "2025-06-28T17:12:21.346Z"
  }
},
{
  "model": "app.teamcyclist",
  "pk": 476,
  "fields": {
    "team": 91,
    "league": 24,
    "cyclist": 495,
    "price": 32,
    "locked": true,
    "submitted_at": "2025-06-28T17:12:22.057Z"
  }
},
{
  "model": "app.teamcyclist",
  "pk": 477,
  "fields": {
    "team": 91,
    "league": 24,
    "cyclist": 497,
    "price": 7,
    "locked": true,
    "submitted_at": "2025-06-28T17:12:22.767Z"
  }
},
{
  "model": "app.teamcyclist",
  "pk": 478,
  "fields": {
    "team": 91,
    "league": 24,
    "cyclist": 499,
    "price": 10,
    "locked": true,
    "submitted_at": "2025-06-28T17:12:23.477Z"
  }
},
{
  "model": "app.teamcyclist",
  "pk": 479,
  "fields": {
    "team": 92,
    "league": 24,
    "cyclist": 501,
    "price": 23,
    "locked": true,
    "submitted_at": "2025-06-28T17:12:24.330Z"
  }
},
{
  "model": "app.teamcyclist",
  "pk": 480,
  "fields": {
    "team": 92,
    "league": 24,
    "cyclist": 502,
    "price": 200,
    "locked": true,
    "submitted_at": "2025-06-28T17:12:25.042Z"
  }
},
{
  "model": "app.teamcyclist",
  "pk": 481,
  "fields": {
    "team": 92,
    "league": 24,
    "cyclist": 583,
    "price": 40,
    "locked": true,
    "submitted_at": "2025-06-28T17:12:25.752Z"
  }
},
{
  "model": "app.teamcyclist",
  "pk": 482,
  "fields": {
    "team": 92,
    "league": 24,
    "cyclist": 602,
    "price": 55,
    "locked": true,
    "submitted_at": "2025-06-28T17:12:26.465Z"
  }
},
{
  "model": "app.teamcyclist",
  "pk": 483,
  "fields": {
    "team": 92,
    "league": 24,
    "cyclist": 603,
    "price": 40,
    "locked": true,
    "submitted_at": "2025-06-28T17:12:27.187Z"
  }
},
{
  "model": "app.teamcyclist",
  "pk": 484,
  "fields": {
    "team": 92,
    "league": 24,
    "cyclist": 604,
    "price": 43,
    "locked": true,
    "submitted_at": "2025-06-28T17:12:27.898Z"
  }
},
{
  "model": "app.teamcyclist",
  "pk": 485,
  "fields": {
    "team": 92,
    "league": 24,
    "cyclist": 630,
    "price": 3,
    "locked": true,
    "submitted_at": "2025-06-28T17:12:28.624Z"
  }
},
{
  "model": "app.teamcyclist",
  "pk": 486,
  "fields": {
    "team": 92,
    "league": 24,
    "cyclist": 659,
    "price": 2,
    "locked": true,
    "submitted_at": "2025-06-28T17:12:29.334Z"
  }
},
{
  "model": "app.teamcyclist",
  "pk": 487,
  "fields": {
    "team": 92,
    "league": 24,
    "cyclist": 675,
    "price": 3,
    "locked": true,
    "submitted_at": "2025-06-28T17:12:30.043Z"
  }
},
{
  "model": "app.teamcyclist",
  "pk": 488,
  "fields": {
    "team": 92,
    "league": 24,
    "cyclist": 677,
    "price": 3,
    "locked": true,
    "submitted_at": "2025-06-28T17:12:30.753Z"
  }
},
{
  "model": "app.teamcyclist",
  "pk": 489,
  "fields": {
    "team": 92,
    "league": 24,
    "cyclist": 794,
    "price": 2,
    "locked": true,
    "submitted_at": "2025-06-28T17:12:31.463Z"
  }
},
{
  "model": "app.teamcyclist",
  "pk": 490,
  "fields": {
    "team": 89,
    "league": 24,
    "cyclist": 513,
    "price": 100,
    "locked": true,
    "submitted_at": "2025-06-29T12:15:20.213Z"
  }
},
{
  "model": "app.teamcyclist",
  "pk": 491,
  "fields": {
    "team": 89,
    "league": 24,
    "cyclist": 514,
    "price": 50,
    "locked": true,
    "submitted_at": "2025-06-29T12:15:20.922Z"
  }
},
{
  "model": "app.teamcyclist",
  "pk": 492,
  "fields": {
    "team": 89,
    "league": 24,
    "cyclist": 515,
    "price": 50,
    "locked": true,
    "submitted_at": "2025-06-29T12:15:21.630Z"
  }
},
{
  "model": "app.teamcyclist",
  "pk": 493,
  "fields": {
    "team": 89,
    "league": 24,
    "cyclist": 516,
    "price": 170,
    "locked": true,
    "submitted_at": "2025-06-29T12:15:22.341Z"
  }
},
{
  "model": "app.teamcyclist",
  "pk": 494,
  "fields": {
    "team": 89,
    "league": 24,
    "cyclist": 523,
    "price": 40,
    "locked": true,
    "submitted_at": "2025-06-29T12:15:23.050Z"
  }
},
{
  "model": "app.teamcyclist",
  "pk": 495,
  "fields": {
    "team": 90,
    "league": 24,
    "cyclist": 511,
    "price": 13,
    "locked": true,
    "submitted_at": "2025-06-29T12:15:23.902Z"
  }
},
{
  "model": "app.teamcyclist",
  "pk": 496,
  "fields": {
    "team": 90,
    "league": 24,
    "cyclist": 517,
    "price": 8,
    "locked": true,
    "submitted_at": "2025-06-29T12:15:24.610Z"
  }
},
{
  "model": "app.teamcyclist",
  "pk": 497,
  "fields": {
    "team": 90,
    "league": 24,
    "cyclist": 520,
    "price": 19,
    "locked": true,
    "submitted_at": "2025-06-29T12:15:25.319Z"
  }
},
{
  "model": "app.teamcyclist",
  "pk": 498,
  "fields": {
    "team": 90,
    "league": 24,
    "cyclist": 521,
    "price": 8,
    "locked": true,
    "submitted_at": "2025-06-29T12:15:26.029Z"
  }
},
{
  "model": "app.teamcyclist",
  "pk": 499,
  "fields": {
    "team": 91,
    "league": 24,
    "cyclist": 504,
    "price": 18,
    "locked": true,
    "submitted_at": "2025-06-29T12:15:26.881Z"
  }
},
{
  "model": "app.teamcyclist",
  "pk": 500,
  "fields": {
    "team": 91,
    "league": 24,
    "cyclist": 505,
    "price": 30,
    "locked": true,
    "submitted_at": "2025-06-29T12:15:27.590Z"
  }
},
{
  "model": "app.teamcyclist",
  "pk": 501,
  "fields": {
    "team": 91,
    "league": 24,
    "cyclist": 503,
    "price": 17,
    "locked": true,
    "submitted_at": "2025-06-29T12:15:28.300Z"
  }
},
{
  "model": "app.teamcyclist",
  "pk": 502,
  "fields": {
    "team": 92,
    "league": 24,
    "cyclist": 506,
    "price": 86,
    "locked": true,
    "submitted_at": "2025-06-29T12:15:29.151Z"
  }
},
{
  "model": "app.teamcyclist",
  "pk": 503,
  "fields": {
    "team": 97,
    "league": 26,
    "cyclist": 488,
    "price": 16,
    "locked": true,
    "submitted_at": "2025-06-30T16:04:38.450Z"
  }
},
{
  "model": "app.teamcyclist",
  "pk": 504,
  "fields": {
    "team": 97,
    "league": 26,
    "cyclist": 489,
    "price": 11,
    "locked": true,
    "submitted_at": "2025-06-30T16:04:38.528Z"
  }
},
{
  "model": "app.teamcyclist",
  "pk": 505,
  "fields": {
    "team": 97,
    "league": 26,
    "cyclist": 487,
    "price": 40,
    "locked": true,
    "submitted_at": "2025-06-30T16:04:38.608Z"
  }
},
{
  "model": "app.teamcyclist",
  "pk": 506,
  "fields": {
    "team": 97,
    "league": 26,
    "cyclist": 490,
    "price": 19,
    "locked": true,
    "submitted_at": "2025-06-30T16:04:38.727Z"
  }
},
{
  "model": "app.teamcyclist",
  "pk": 507,
  "fields": {
    "team": 97,
    "league": 26,
    "cyclist": 491,
    "price": 17,
    "locked": true,
    "submitted_at": "2025-06-30T16:04:38.802Z"
  }
},
{
  "model": "app.teamcyclist",
  "pk": 508,
  "fields": {
    "team": 97,
    "league": 26,
    "cyclist": 492,
    "price": 6,
    "locked": true,
    "submitted_at": "2025-06-30T16:04:38.880Z"
  }
},
{
  "model": "app.teamcyclist",
  "pk": 509,
  "fields": {
    "team": 97,
    "league": 26,
    "cyclist": 493,
    "price": 6,
    "locked": true,
    "submitted_at": "2025-06-30T16:04:38.985Z"
  }
},
{
  "model": "app.teamcyclist",
  "pk": 510,
  "fields": {
    "team": 97,
    "league": 26,
    "cyclist": 494,
    "price": 6,
    "locked": true,
    "submitted_at": "2025-06-30T16:04:39.065Z"
  }
},
{
  "model": "app.teamcyclist",
  "pk": 511,
  "fields": {
    "team": 97,
    "league": 26,
    "cyclist": 495,
    "price": 19,
    "locked": true,
    "submitted_at": "2025-06-30T16:04:39.143Z"
  }
},
{
  "model": "app.teamcyclist",
  "pk": 512,
  "fields": {
    "team": 97,
    "league": 26,
    "cyclist": 496,
    "price": 17,
    "locked": true,
    "submitted_at": "2025-06-30T16:04:39.217Z"
  }
},
{
  "model": "app.teamcyclist",
  "pk": 513,
  "fields": {
    "team": 97,
    "league": 26,
    "cyclist": 485,
    "price": 293,
    "locked": true,
    "submitted_at": "2025-06-30T16:04:39.297Z"
  }
},
{
  "model": "app.teamcyclist",
  "pk": 514,
  "fields": {
    "team": 98,
    "league": 26,
    "cyclist": 486,
    "price": 244,
    "locked": true,
    "submitted_at": "2025-06-30T16:04:39.419Z"
  }
},
{
  "model": "app.teamcyclist",
  "pk": 515,
  "fields": {
    "team": 98,
    "league": 26,
    "cyclist": 501,
    "price": 23,
    "locked": true,
    "submitted_at": "2025-06-30T16:04:39.495Z"
  }
},
{
  "model": "app.teamcyclist",
  "pk": 516,
  "fields": {
    "team": 98,
    "league": 26,
    "cyclist": 500,
    "price": 5,
    "locked": true,
    "submitted_at": "2025-06-30T16:04:39.576Z"
  }
},
{
  "model": "app.teamcyclist",
  "pk": 517,
  "fields": {
    "team": 98,
    "league": 26,
    "cyclist": 499,
    "price": 6,
    "locked": true,
    "submitted_at": "2025-06-30T16:04:39.651Z"
  }
},
{
  "model": "app.teamcyclist",
  "pk": 518,
  "fields": {
    "team": 98,
    "league": 26,
    "cyclist": 498,
    "price": 8,
    "locked": true,
    "submitted_at": "2025-06-30T16:04:39.730Z"
  }
},
{
  "model": "app.teamcyclist",
  "pk": 519,
  "fields": {
    "team": 98,
    "league": 26,
    "cyclist": 497,
    "price": 7,
    "locked": true,
    "submitted_at": "2025-06-30T16:04:39.808Z"
  }
},
{
  "model": "app.teamcyclist",
  "pk": 520,
  "fields": {
    "team": 97,
    "league": 26,
    "cyclist": 532,
    "price": 50,
    "locked": true,
    "submitted_at": "2025-06-30T16:06:04.313Z"
  }
},
{
  "model": "app.teamcyclist",
  "pk": 521,
  "fields": {
    "team": 98,
    "league": 26,
    "cyclist": 502,
    "price": 100,
    "locked": true,
    "submitted_at": "2025-06-30T16:06:04.417Z"
  }
},
{
  "model": "app.teamcyclist",
  "pk": 522,
  "fields": {
    "team": 98,
    "league": 26,
    "cyclist": 503,
    "price": 17,
    "locked": true,
    "submitted_at": "2025-06-30T16:06:04.500Z"
  }
},
{
  "model": "app.teamcyclist",
  "pk": 523,
  "fields": {
    "team": 98,
    "league": 26,
    "cyclist": 504,
    "price": 8,
    "locked": true,
    "submitted_at": "2025-06-30T16:06:04.580Z"
  }
},
{
  "model": "app.teamcyclist",
  "pk": 524,
  "fields": {
    "team": 98,
    "league": 26,
    "cyclist": 505,
    "price": 22,
    "locked": true,
    "submitted_at": "2025-06-30T16:06:04.661Z"
  }
},
{
  "model": "app.teamcyclist",
  "pk": 525,
  "fields": {
    "team": 98,
    "league": 26,
    "cyclist": 507,
    "price": 20,
    "locked": true,
    "submitted_at": "2025-06-30T16:06:04.776Z"
  }
},
{
  "model": "app.teamcyclist",
  "pk": 526,
  "fields": {
    "team": 98,
    "league": 26,
    "cyclist": 508,
    "price": 14,
    "locked": true,
    "submitted_at": "2025-06-30T16:06:04.852Z"
  }
},
{
  "model": "app.teamcyclist",
  "pk": 527,
  "fields": {
    "team": 98,
    "league": 26,
    "cyclist": 509,
    "price": 13,
    "locked": true,
    "submitted_at": "2025-06-30T16:06:04.934Z"
  }
},
{
  "model": "app.teamcyclist",
  "pk": 528,
  "fields": {
    "team": 98,
    "league": 26,
    "cyclist": 511,
    "price": 13,
    "locked": true,
    "submitted_at": "2025-06-30T16:06:05.012Z"
  }
},
{
  "model": "app.leagueauction",
  "pk": 391,
  "fields": {
    "league": 21,
    "team": 80,
    "round_number": 1,
    "submitted_at": "2025-06-26T09:18:49.210Z",
    "is_active": true
  }
},
{
  "model": "app.leagueauction",
  "pk": 392,
  "fields": {
    "league": 21,
    "team": 81,
    "round_number": 1,
    "submitted_at": "2025-06-26T09:18:49.479Z",
    "is_active": true
  }
},
{
  "model": "app.leagueauction",
  "pk": 393,
  "fields": {
    "league": 21,
    "team": 82,
    "round_number": 1,
    "submitted_at": "2025-06-26T09:18:49.753Z",
    "is_active": true
  }
},
{
  "model": "app.leagueauction",
  "pk": 394,
  "fields": {
    "league": 21,
    "team": 83,
    "round_number": 1,
    "submitted_at": "2025-06-26T09:18:50.035Z",
    "is_active": true
  }
},
{
  "model": "app.leagueauction",
  "pk": 395,
  "fields": {
    "league": 21,
    "team": 84,
    "round_number": 1,
    "submitted_at": "2025-06-26T09:18:50.333Z",
    "is_active": true
  }
},
{
  "model": "app.leagueauction",
  "pk": 396,
  "fields": {
    "league": 21,
    "team": 85,
    "round_number": 1,
    "submitted_at": "2025-06-26T09:18:50.599Z",
    "is_active": true
  }
},
{
  "model": "app.leagueauction",
  "pk": 397,
  "fields": {
    "league": 21,
    "team": 80,
    "round_number": 2,
    "submitted_at": "2025-06-26T09:18:55.039Z",
    "is_active": true
  }
},
{
  "model": "app.leagueauction",
  "pk": 398,
  "fields": {
    "league": 21,
    "team": 81,
    "round_number": 2,
    "submitted_at": "2025-06-26T09:18:55.360Z",
    "is_active": true
  }
},
{
  "model": "app.leagueauction",
  "pk": 399,
  "fields": {
    "league": 21,
    "team": 82,
    "round_number": 2,
    "submitted_at": "2025-06-26T09:18:55.718Z",
    "is_active": true
  }
},
{
  "model": "app.leagueauction",
  "pk": 400,
  "fields": {
    "league": 21,
    "team": 83,
    "round_number": 2,
    "submitted_at": "2025-06-26T09:18:55.983Z",
    "is_active": true
  }
},
{
  "model": "app.leagueauction",
  "pk": 401,
  "fields": {
    "league": 21,
    "team": 84,
    "round_number": 2,
    "submitted_at": "2025-06-26T09:18:56.266Z",
    "is_active": true
  }
},
{
  "model": "app.leagueauction",
  "pk": 402,
  "fields": {
    "league": 21,
    "team": 85,
    "round_number": 2,
    "submitted_at": "2025-06-26T09:18:56.590Z",
    "is_active": true
  }
},
{
  "model": "app.leagueauction",
  "pk": 403,
  "fields": {
    "league": 21,
    "team": 80,
    "round_number": 3,
    "submitted_at": "2025-06-26T09:18:58.222Z",
    "is_active": true
  }
},
{
  "model": "app.leagueauction",
  "pk": 404,
  "fields": {
    "league": 21,
    "team": 83,
    "round_number": 3,
    "submitted_at": "2025-06-26T09:18:58.559Z",
    "is_active": true
  }
},
{
  "model": "app.leagueauction",
  "pk": 405,
  "fields": {
    "league": 21,
    "team": 84,
    "round_number": 3,
    "submitted_at": "2025-06-26T09:18:58.981Z",
    "is_active": true
  }
},
{
  "model": "app.leagueauction",
  "pk": 406,
  "fields": {
    "league": 21,
    "team": 85,
    "round_number": 3,
    "submitted_at": "2025-06-26T09:18:59.371Z",
    "is_active": true
  }
},
{
  "model": "app.leagueauction",
  "pk": 407,
  "fields": {
    "league": 21,
    "team": 80,
    "round_number": 4,
    "submitted_at": "2025-06-26T09:19:00.437Z",
    "is_active": true
  }
},
{
  "model": "app.leagueauction",
  "pk": 408,
  "fields": {
    "league": 21,
    "team": 80,
    "round_number": 5,
    "submitted_at": "2025-06-26T09:19:01.580Z",
    "is_active": true
  }
},
{
  "model": "app.leagueauction",
  "pk": 409,
  "fields": {
    "league": 21,
    "team": 81,
    "round_number": 5,
    "submitted_at": "2025-06-26T09:19:01.694Z",
    "is_active": true
  }
},
{
  "model": "app.leagueauction",
  "pk": 410,
  "fields": {
    "league": 21,
    "team": 82,
    "round_number": 5,
    "submitted_at": "2025-06-26T09:19:01.876Z",
    "is_active": true
  }
},
{
  "model": "app.leagueauction",
  "pk": 411,
  "fields": {
    "league": 21,
    "team": 83,
    "round_number": 5,
    "submitted_at": "2025-06-26T09:19:02.011Z",
    "is_active": true
  }
},
{
  "model": "app.leagueauction",
  "pk": 412,
  "fields": {
    "league": 21,
    "team": 84,
    "round_number": 5,
    "submitted_at": "2025-06-26T09:19:02.192Z",
    "is_active": true
  }
},
{
  "model": "app.leagueauction",
  "pk": 413,
  "fields": {
    "league": 21,
    "team": 85,
    "round_number": 5,
    "submitted_at": "2025-06-26T09:19:02.294Z",
    "is_active": true
  }
},
{
  "model": "app.leagueauction",
  "pk": 414,
  "fields": {
    "league": 23,
    "team": 88,
    "round_number": 1,
    "submitted_at": "2025-06-27T17:00:07.674Z",
    "is_active": true
  }
},
{
  "model": "app.leagueauction",
  "pk": 415,
  "fields": {
    "league": 23,
    "team": 87,
    "round_number": 1,
    "submitted_at": "2025-06-27T17:00:13.092Z",
    "is_active": true
  }
},
{
  "model": "app.leagueauction",
  "pk": 416,
  "fields": {
    "league": 23,
    "team": 87,
    "round_number": 2,
    "submitted_at": "2025-06-27T17:03:40.733Z",
    "is_active": true
  }
},
{
  "model": "app.leagueauction",
  "pk": 417,
  "fields": {
    "league": 23,
    "team": 88,
    "round_number": 2,
    "submitted_at": "2025-06-27T17:03:54.907Z",
    "is_active": true
  }
},
{
  "model": "app.leagueauction",
  "pk": 418,
  "fields": {
    "league": 24,
    "team": 89,
    "round_number": 1,
    "submitted_at": "2025-06-28T15:41:24.617Z",
    "is_active": true
  }
},
{
  "model": "app.leagueauction",
  "pk": 419,
  "fields": {
    "league": 24,
    "team": 91,
    "round_number": 1,
    "submitted_at": "2025-06-28T16:06:03.689Z",
    "is_active": true
  }
},
{
  "model": "app.leagueauction",
  "pk": 420,
  "fields": {
    "league": 24,
    "team": 89,
    "round_number": 1,
    "submitted_at": "2025-06-28T16:27:45.902Z",
    "is_active": true
  }
},
{
  "model": "app.leagueauction",
  "pk": 421,
  "fields": {
    "league": 24,
    "team": 92,
    "round_number": 1,
    "submitted_at": "2025-06-28T16:28:50.023Z",
    "is_active": true
  }
},
{
  "model": "app.leagueauction",
  "pk": 422,
  "fields": {
    "league": 24,
    "team": 90,
    "round_number": 1,
    "submitted_at": "2025-06-28T17:11:53.654Z",
    "is_active": true
  }
},
{
  "model": "app.leagueauction",
  "pk": 423,
  "fields": {
    "league": 24,
    "team": 89,
    "round_number": 2,
    "submitted_at": "2025-06-29T09:29:05.854Z",
    "is_active": true
  }
},
{
  "model": "app.leagueauction",
  "pk": 424,
  "fields": {
    "league": 24,
    "team": 92,
    "round_number": 2,
    "submitted_at": "2025-06-29T09:39:02.026Z",
    "is_active": true
  }
},
{
  "model": "app.leagueauction",
  "pk": 425,
  "fields": {
    "league": 24,
    "team": 90,
    "round_number": 2,
    "submitted_at": "2025-06-29T11:41:09.318Z",
    "is_active": true
  }
},
{
  "model": "app.leagueauction",
  "pk": 426,
  "fields": {
    "league": 24,
    "team": 91,
    "round_number": 2,
    "submitted_at": "2025-06-29T12:15:11.657Z",
    "is_active": true
  }
},
{
  "model": "app.leagueauction",
  "pk": 427,
  "fields": {
    "league": 24,
    "team": 91,
    "round_number": 3,
    "submitted_at": "2025-06-30T07:31:57.830Z",
    "is_active": true
  }
},
{
  "model": "app.leagueauction",
  "pk": 428,
  "fields": {
    "league": 26,
    "team": 97,
    "round_number": 1,
    "submitted_at": "2025-06-30T16:04:04.265Z",
    "is_active": true
  }
},
{
  "model": "app.leagueauction",
  "pk": 429,
  "fields": {
    "league": 26,
    "team": 98,
    "round_number": 1,
    "submitted_at": "2025-06-30T16:04:37.321Z",
    "is_active": true
  }
},
{
  "model": "app.leagueauction",
  "pk": 430,
  "fields": {
    "league": 26,
    "team": 98,
    "round_number": 2,
    "submitted_at": "2025-06-30T16:05:39.438Z",
    "is_active": true
  }
},
{
  "model": "app.leagueauction",
  "pk": 431,
  "fields": {
    "league": 26,
    "team": 97,
    "round_number": 2,
    "submitted_at": "2025-06-30T16:06:03.508Z",
    "is_active": true
  }
},
{
  "model": "app.leagueauction",
  "pk": 432,
  "fields": {
    "league": 27,
    "team": 100,
    "round_number": 1,
    "submitted_at": "2025-07-01T17:15:20.546Z",
    "is_active": true
  }
},
{
  "model": "app.leagueauction",
  "pk": 433,
  "fields": {
    "league": 27,
    "team": 110,
    "round_number": 1,
    "submitted_at": "2025-07-01T18:39:51.053Z",
    "is_active": true
  }
},
{
  "model": "app.leagueauction",
  "pk": 434,
  "fields": {
    "league": 27,
    "team": 103,
    "round_number": 1,
    "submitted_at": "2025-07-01T19:46:06.159Z",
    "is_active": true
  }
},
{
  "model": "app.leagueauction",
  "pk": 435,
  "fields": {
    "league": 27,
    "team": 104,
    "round_number": 1,
    "submitted_at": "2025-07-01T23:39:53.014Z",
    "is_active": true
  }
},
{
  "model": "app.leagueauction",
  "pk": 436,
  "fields": {
    "league": 27,
    "team": 111,
    "round_number": 1,
    "submitted_at": "2025-07-02T05:09:09.808Z",
    "is_active": true
  }
},
{
  "model": "app.leagueauction",
  "pk": 437,
  "fields": {
    "league": 27,
    "team": 111,
    "round_number": 1,
    "submitted_at": "2025-07-02T05:09:31.407Z",
    "is_active": true
  }
},
{
  "model": "app.leagueauction",
  "pk": 438,
  "fields": {
    "league": 27,
    "team": 105,
    "round_number": 1,
    "submitted_at": "2025-07-02T08:35:10.691Z",
    "is_active": true
  }
},
{
  "model": "app.leagueauction",
  "pk": 439,
  "fields": {
    "league": 27,
    "team": 101,
    "round_number": 1,
    "submitted_at": "2025-07-02T08:58:45.112Z",
    "is_active": true
  }
},
{
  "model": "app.leagueauction",
  "pk": 440,
  "fields": {
    "league": 25,
    "team": 95,
    "round_number": 1,
    "submitted_at": "2025-07-02T12:37:48.427Z",
    "is_active": true
  }
},
{
  "model": "app.leagueauction",
  "pk": 441,
  "fields": {
    "league": 25,
    "team": 95,
    "round_number": 1,
    "submitted_at": "2025-07-02T12:37:57.342Z",
    "is_active": true
  }
},
{
  "model": "app.leagueauction",
  "pk": 442,
  "fields": {
    "league": 25,
    "team": 94,
    "round_number": 1,
    "submitted_at": "2025-07-02T13:01:35.325Z",
    "is_active": true
  }
},
{
  "model": "app.leagueauction",
  "pk": 443,
  "fields": {
    "league": 25,
    "team": 99,
    "round_number": 1,
    "submitted_at": "2025-07-02T14:27:49.141Z",
    "is_active": true
  }
},
{
  "model": "app.teamcyclistauction",
  "pk": 541,
  "fields": {
    "league_auction": 414,
    "cyclist": 485,
    "price": 60.0,
    "submitted_at": "2025-06-27T17:00:07.829Z",
    "status": "lost"
  }
},
{
  "model": "app.teamcyclistauction",
  "pk": 542,
  "fields": {
    "league_auction": 414,
    "cyclist": 487,
    "price": 40.0,
    "submitted_at": "2025-06-27T17:00:07.977Z",
    "status": "won"
  }
},
{
  "model": "app.teamcyclistauction",
  "pk": 543,
  "fields": {
    "league_auction": 414,
    "cyclist": 488,
    "price": 16.0,
    "submitted_at": "2025-06-27T17:00:08.123Z",
    "status": "won"
  }
},
{
  "model": "app.teamcyclistauction",
  "pk": 544,
  "fields": {
    "league_auction": 414,
    "cyclist": 489,
    "price": 11.0,
    "submitted_at": "2025-06-27T17:00:08.269Z",
    "status": "won"
  }
},
{
  "model": "app.teamcyclistauction",
  "pk": 545,
  "fields": {
    "league_auction": 414,
    "cyclist": 493,
    "price": 6.0,
    "submitted_at": "2025-06-27T17:00:08.414Z",
    "status": "won"
  }
},
{
  "model": "app.teamcyclistauction",
  "pk": 546,
  "fields": {
    "league_auction": 414,
    "cyclist": 494,
    "price": 6.0,
    "submitted_at": "2025-06-27T17:00:08.560Z",
    "status": "won"
  }
},
{
  "model": "app.teamcyclistauction",
  "pk": 547,
  "fields": {
    "league_auction": 414,
    "cyclist": 496,
    "price": 17.0,
    "submitted_at": "2025-06-27T17:00:08.706Z",
    "status": "won"
  }
},
{
  "model": "app.teamcyclistauction",
  "pk": 548,
  "fields": {
    "league_auction": 414,
    "cyclist": 497,
    "price": 7.0,
    "submitted_at": "2025-06-27T17:00:08.852Z",
    "status": "won"
  }
},
{
  "model": "app.teamcyclistauction",
  "pk": 549,
  "fields": {
    "league_auction": 414,
    "cyclist": 498,
    "price": 8.0,
    "submitted_at": "2025-06-27T17:00:08.998Z",
    "status": "won"
  }
},
{
  "model": "app.teamcyclistauction",
  "pk": 550,
  "fields": {
    "league_auction": 414,
    "cyclist": 501,
    "price": 23.0,
    "submitted_at": "2025-06-27T17:00:09.143Z",
    "status": "won"
  }
},
{
  "model": "app.teamcyclistauction",
  "pk": 551,
  "fields": {
    "league_auction": 414,
    "cyclist": 506,
    "price": 25.0,
    "submitted_at": "2025-06-27T17:00:09.289Z",
    "status": "won"
  }
},
{
  "model": "app.teamcyclistauction",
  "pk": 552,
  "fields": {
    "league_auction": 414,
    "cyclist": 492,
    "price": 281.0,
    "submitted_at": "2025-06-27T17:00:09.435Z",
    "status": "won"
  }
},
{
  "model": "app.teamcyclistauction",
  "pk": 553,
  "fields": {
    "league_auction": 415,
    "cyclist": 485,
    "price": 72.0,
    "submitted_at": "2025-06-27T17:00:13.235Z",
    "status": "won"
  }
},
{
  "model": "app.teamcyclistauction",
  "pk": 554,
  "fields": {
    "league_auction": 415,
    "cyclist": 493,
    "price": 6.0,
    "submitted_at": "2025-06-27T17:00:13.378Z",
    "status": "lost"
  }
},
{
  "model": "app.teamcyclistauction",
  "pk": 555,
  "fields": {
    "league_auction": 415,
    "cyclist": 502,
    "price": 51.0,
    "submitted_at": "2025-06-27T17:00:13.520Z",
    "status": "won"
  }
},
{
  "model": "app.teamcyclistauction",
  "pk": 556,
  "fields": {
    "league_auction": 415,
    "cyclist": 512,
    "price": 26.0,
    "submitted_at": "2025-06-27T17:00:13.662Z",
    "status": "won"
  }
},
{
  "model": "app.teamcyclistauction",
  "pk": 557,
  "fields": {
    "league_auction": 415,
    "cyclist": 523,
    "price": 50.0,
    "submitted_at": "2025-06-27T17:00:13.805Z",
    "status": "won"
  }
},
{
  "model": "app.teamcyclistauction",
  "pk": 558,
  "fields": {
    "league_auction": 415,
    "cyclist": 530,
    "price": 21.0,
    "submitted_at": "2025-06-27T17:00:13.947Z",
    "status": "won"
  }
},
{
  "model": "app.teamcyclistauction",
  "pk": 559,
  "fields": {
    "league_auction": 415,
    "cyclist": 567,
    "price": 51.0,
    "submitted_at": "2025-06-27T17:00:14.089Z",
    "status": "won"
  }
},
{
  "model": "app.teamcyclistauction",
  "pk": 560,
  "fields": {
    "league_auction": 415,
    "cyclist": 578,
    "price": 51.0,
    "submitted_at": "2025-06-27T17:00:14.231Z",
    "status": "won"
  }
},
{
  "model": "app.teamcyclistauction",
  "pk": 561,
  "fields": {
    "league_auction": 415,
    "cyclist": 591,
    "price": 32.0,
    "submitted_at": "2025-06-27T17:00:14.374Z",
    "status": "won"
  }
},
{
  "model": "app.teamcyclistauction",
  "pk": 562,
  "fields": {
    "league_auction": 415,
    "cyclist": 595,
    "price": 18.0,
    "submitted_at": "2025-06-27T17:00:14.516Z",
    "status": "won"
  }
},
{
  "model": "app.teamcyclistauction",
  "pk": 563,
  "fields": {
    "league_auction": 415,
    "cyclist": 596,
    "price": 13.0,
    "submitted_at": "2025-06-27T17:00:14.658Z",
    "status": "won"
  }
},
{
  "model": "app.teamcyclistauction",
  "pk": 564,
  "fields": {
    "league_auction": 415,
    "cyclist": 599,
    "price": 6.0,
    "submitted_at": "2025-06-27T17:00:14.800Z",
    "status": "won"
  }
},
{
  "model": "app.teamcyclistauction",
  "pk": 565,
  "fields": {
    "league_auction": 415,
    "cyclist": 600,
    "price": 37.0,
    "submitted_at": "2025-06-27T17:00:14.943Z",
    "status": "won"
  }
},
{
  "model": "app.teamcyclistauction",
  "pk": 566,
  "fields": {
    "league_auction": 415,
    "cyclist": 601,
    "price": 11.0,
    "submitted_at": "2025-06-27T17:00:15.085Z",
    "status": "won"
  }
},
{
  "model": "app.teamcyclistauction",
  "pk": 567,
  "fields": {
    "league_auction": 415,
    "cyclist": 602,
    "price": 55.0,
    "submitted_at": "2025-06-27T17:00:15.227Z",
    "status": "won"
  }
},
{
  "model": "app.teamcyclistauction",
  "pk": 568,
  "fields": {
    "league_auction": 416,
    "cyclist": 547,
    "price": 6.0,
    "submitted_at": "2025-06-27T17:03:40.878Z",
    "status": "won"
  }
},
{
  "model": "app.teamcyclistauction",
  "pk": 569,
  "fields": {
    "league_auction": 417,
    "cyclist": 500,
    "price": 5.0,
    "submitted_at": "2025-06-27T17:03:55.054Z",
    "status": "won"
  }
},
{
  "model": "app.teamcyclistauction",
  "pk": 570,
  "fields": {
    "league_auction": 417,
    "cyclist": 503,
    "price": 17.0,
    "submitted_at": "2025-06-27T17:03:55.201Z",
    "status": "won"
  }
},
{
  "model": "app.teamcyclistauction",
  "pk": 571,
  "fields": {
    "league_auction": 417,
    "cyclist": 507,
    "price": 38.0,
    "submitted_at": "2025-06-27T17:03:55.347Z",
    "status": "won"
  }
},
{
  "model": "app.teamcyclistauction",
  "pk": 572,
  "fields": {
    "league_auction": 418,
    "cyclist": 485,
    "price": 100.0,
    "submitted_at": "2025-06-28T15:41:24.760Z",
    "status": "pending"
  }
},
{
  "model": "app.teamcyclistauction",
  "pk": 573,
  "fields": {
    "league_auction": 418,
    "cyclist": 486,
    "price": 100.0,
    "submitted_at": "2025-06-28T15:41:24.903Z",
    "status": "pending"
  }
},
{
  "model": "app.teamcyclistauction",
  "pk": 574,
  "fields": {
    "league_auction": 418,
    "cyclist": 487,
    "price": 40.0,
    "submitted_at": "2025-06-28T15:41:25.045Z",
    "status": "pending"
  }
},
{
  "model": "app.teamcyclistauction",
  "pk": 575,
  "fields": {
    "league_auction": 418,
    "cyclist": 489,
    "price": 14.0,
    "submitted_at": "2025-06-28T15:41:25.188Z",
    "status": "pending"
  }
},
{
  "model": "app.teamcyclistauction",
  "pk": 576,
  "fields": {
    "league_auction": 418,
    "cyclist": 490,
    "price": 22.0,
    "submitted_at": "2025-06-28T15:41:25.330Z",
    "status": "pending"
  }
},
{
  "model": "app.teamcyclistauction",
  "pk": 577,
  "fields": {
    "league_auction": 418,
    "cyclist": 495,
    "price": 22.0,
    "submitted_at": "2025-06-28T15:41:25.473Z",
    "status": "pending"
  }
},
{
  "model": "app.teamcyclistauction",
  "pk": 578,
  "fields": {
    "league_auction": 418,
    "cyclist": 496,
    "price": 21.0,
    "submitted_at": "2025-06-28T15:41:25.616Z",
    "status": "pending"
  }
},
{
  "model": "app.teamcyclistauction",
  "pk": 579,
  "fields": {
    "league_auction": 418,
    "cyclist": 498,
    "price": 11.0,
    "submitted_at": "2025-06-28T15:41:25.758Z",
    "status": "pending"
  }
},
{
  "model": "app.teamcyclistauction",
  "pk": 580,
  "fields": {
    "league_auction": 418,
    "cyclist": 500,
    "price": 6.0,
    "submitted_at": "2025-06-28T15:41:25.900Z",
    "status": "pending"
  }
},
{
  "model": "app.teamcyclistauction",
  "pk": 581,
  "fields": {
    "league_auction": 418,
    "cyclist": 795,
    "price": 8.0,
    "submitted_at": "2025-06-28T15:41:26.042Z",
    "status": "pending"
  }
},
{
  "model": "app.teamcyclistauction",
  "pk": 582,
  "fields": {
    "league_auction": 418,
    "cyclist": 796,
    "price": 7.0,
    "submitted_at": "2025-06-28T15:41:26.185Z",
    "status": "pending"
  }
},
{
  "model": "app.teamcyclistauction",
  "pk": 583,
  "fields": {
    "league_auction": 418,
    "cyclist": 800,
    "price": 149.0,
    "submitted_at": "2025-06-28T15:41:26.327Z",
    "status": "pending"
  }
},
{
  "model": "app.teamcyclistauction",
  "pk": 584,
  "fields": {
    "league_auction": 419,
    "cyclist": 485,
    "price": 150.0,
    "submitted_at": "2025-06-28T16:06:03.834Z",
    "status": "won"
  }
},
{
  "model": "app.teamcyclistauction",
  "pk": 585,
  "fields": {
    "league_auction": 419,
    "cyclist": 495,
    "price": 32.0,
    "submitted_at": "2025-06-28T16:06:03.979Z",
    "status": "won"
  }
},
{
  "model": "app.teamcyclistauction",
  "pk": 586,
  "fields": {
    "league_auction": 419,
    "cyclist": 502,
    "price": 60.0,
    "submitted_at": "2025-06-28T16:06:04.124Z",
    "status": "lost"
  }
},
{
  "model": "app.teamcyclistauction",
  "pk": 587,
  "fields": {
    "league_auction": 419,
    "cyclist": 486,
    "price": 149.0,
    "submitted_at": "2025-06-28T16:06:04.268Z",
    "status": "won"
  }
},
{
  "model": "app.teamcyclistauction",
  "pk": 588,
  "fields": {
    "league_auction": 419,
    "cyclist": 498,
    "price": 8.0,
    "submitted_at": "2025-06-28T16:06:04.413Z",
    "status": "lost"
  }
},
{
  "model": "app.teamcyclistauction",
  "pk": 589,
  "fields": {
    "league_auction": 419,
    "cyclist": 499,
    "price": 10.0,
    "submitted_at": "2025-06-28T16:06:04.557Z",
    "status": "won"
  }
},
{
  "model": "app.teamcyclistauction",
  "pk": 590,
  "fields": {
    "league_auction": 419,
    "cyclist": 496,
    "price": 17.0,
    "submitted_at": "2025-06-28T16:06:04.702Z",
    "status": "lost"
  }
},
{
  "model": "app.teamcyclistauction",
  "pk": 591,
  "fields": {
    "league_auction": 419,
    "cyclist": 497,
    "price": 7.0,
    "submitted_at": "2025-06-28T16:06:04.846Z",
    "status": "won"
  }
},
{
  "model": "app.teamcyclistauction",
  "pk": 592,
  "fields": {
    "league_auction": 419,
    "cyclist": 494,
    "price": 6.0,
    "submitted_at": "2025-06-28T16:06:04.990Z",
    "status": "won"
  }
},
{
  "model": "app.teamcyclistauction",
  "pk": 593,
  "fields": {
    "league_auction": 419,
    "cyclist": 500,
    "price": 5.0,
    "submitted_at": "2025-06-28T16:06:05.134Z",
    "status": "lost"
  }
},
{
  "model": "app.teamcyclistauction",
  "pk": 594,
  "fields": {
    "league_auction": 419,
    "cyclist": 488,
    "price": 16.0,
    "submitted_at": "2025-06-28T16:06:05.278Z",
    "status": "won"
  }
},
{
  "model": "app.teamcyclistauction",
  "pk": 595,
  "fields": {
    "league_auction": 419,
    "cyclist": 487,
    "price": 40.0,
    "submitted_at": "2025-06-28T16:06:05.423Z",
    "status": "won"
  }
},
{
  "model": "app.teamcyclistauction",
  "pk": 596,
  "fields": {
    "league_auction": 420,
    "cyclist": 485,
    "price": 100.0,
    "submitted_at": "2025-06-28T16:27:46.046Z",
    "status": "lost"
  }
},
{
  "model": "app.teamcyclistauction",
  "pk": 597,
  "fields": {
    "league_auction": 420,
    "cyclist": 486,
    "price": 100.0,
    "submitted_at": "2025-06-28T16:27:46.190Z",
    "status": "lost"
  }
},
{
  "model": "app.teamcyclistauction",
  "pk": 598,
  "fields": {
    "league_auction": 420,
    "cyclist": 487,
    "price": 40.0,
    "submitted_at": "2025-06-28T16:27:46.334Z",
    "status": "lost"
  }
},
{
  "model": "app.teamcyclistauction",
  "pk": 599,
  "fields": {
    "league_auction": 420,
    "cyclist": 489,
    "price": 14.0,
    "submitted_at": "2025-06-28T16:27:46.478Z",
    "status": "won"
  }
},
{
  "model": "app.teamcyclistauction",
  "pk": 600,
  "fields": {
    "league_auction": 420,
    "cyclist": 490,
    "price": 22.0,
    "submitted_at": "2025-06-28T16:27:46.621Z",
    "status": "won"
  }
},
{
  "model": "app.teamcyclistauction",
  "pk": 601,
  "fields": {
    "league_auction": 420,
    "cyclist": 495,
    "price": 22.0,
    "submitted_at": "2025-06-28T16:27:46.765Z",
    "status": "lost"
  }
},
{
  "model": "app.teamcyclistauction",
  "pk": 602,
  "fields": {
    "league_auction": 420,
    "cyclist": 496,
    "price": 21.0,
    "submitted_at": "2025-06-28T16:27:46.909Z",
    "status": "won"
  }
},
{
  "model": "app.teamcyclistauction",
  "pk": 603,
  "fields": {
    "league_auction": 420,
    "cyclist": 498,
    "price": 11.0,
    "submitted_at": "2025-06-28T16:27:47.054Z",
    "status": "won"
  }
},
{
  "model": "app.teamcyclistauction",
  "pk": 604,
  "fields": {
    "league_auction": 420,
    "cyclist": 500,
    "price": 6.0,
    "submitted_at": "2025-06-28T16:27:47.197Z",
    "status": "won"
  }
},
{
  "model": "app.teamcyclistauction",
  "pk": 605,
  "fields": {
    "league_auction": 420,
    "cyclist": 795,
    "price": 8.0,
    "submitted_at": "2025-06-28T16:27:47.341Z",
    "status": "won"
  }
},
{
  "model": "app.teamcyclistauction",
  "pk": 606,
  "fields": {
    "league_auction": 420,
    "cyclist": 796,
    "price": 8.0,
    "submitted_at": "2025-06-28T16:27:47.485Z",
    "status": "won"
  }
},
{
  "model": "app.teamcyclistauction",
  "pk": 607,
  "fields": {
    "league_auction": 420,
    "cyclist": 800,
    "price": 148.0,
    "submitted_at": "2025-06-28T16:27:47.629Z",
    "status": "lost"
  }
},
{
  "model": "app.teamcyclistauction",
  "pk": 608,
  "fields": {
    "league_auction": 421,
    "cyclist": 495,
    "price": 19.0,
    "submitted_at": "2025-06-28T16:28:50.169Z",
    "status": "lost"
  }
},
{
  "model": "app.teamcyclistauction",
  "pk": 609,
  "fields": {
    "league_auction": 421,
    "cyclist": 496,
    "price": 17.0,
    "submitted_at": "2025-06-28T16:28:50.313Z",
    "status": "lost"
  }
},
{
  "model": "app.teamcyclistauction",
  "pk": 610,
  "fields": {
    "league_auction": 421,
    "cyclist": 501,
    "price": 23.0,
    "submitted_at": "2025-06-28T16:28:50.458Z",
    "status": "won"
  }
},
{
  "model": "app.teamcyclistauction",
  "pk": 611,
  "fields": {
    "league_auction": 421,
    "cyclist": 502,
    "price": 200.0,
    "submitted_at": "2025-06-28T16:28:50.601Z",
    "status": "won"
  }
},
{
  "model": "app.teamcyclistauction",
  "pk": 612,
  "fields": {
    "league_auction": 421,
    "cyclist": 486,
    "price": 50.0,
    "submitted_at": "2025-06-28T16:28:50.745Z",
    "status": "lost"
  }
},
{
  "model": "app.teamcyclistauction",
  "pk": 613,
  "fields": {
    "league_auction": 421,
    "cyclist": 602,
    "price": 55.0,
    "submitted_at": "2025-06-28T16:28:50.888Z",
    "status": "won"
  }
},
{
  "model": "app.teamcyclistauction",
  "pk": 614,
  "fields": {
    "league_auction": 421,
    "cyclist": 603,
    "price": 40.0,
    "submitted_at": "2025-06-28T16:28:51.033Z",
    "status": "won"
  }
},
{
  "model": "app.teamcyclistauction",
  "pk": 615,
  "fields": {
    "league_auction": 421,
    "cyclist": 604,
    "price": 43.0,
    "submitted_at": "2025-06-28T16:28:51.177Z",
    "status": "won"
  }
},
{
  "model": "app.teamcyclistauction",
  "pk": 616,
  "fields": {
    "league_auction": 421,
    "cyclist": 583,
    "price": 40.0,
    "submitted_at": "2025-06-28T16:28:51.320Z",
    "status": "won"
  }
},
{
  "model": "app.teamcyclistauction",
  "pk": 617,
  "fields": {
    "league_auction": 421,
    "cyclist": 659,
    "price": 2.0,
    "submitted_at": "2025-06-28T16:28:51.464Z",
    "status": "won"
  }
},
{
  "model": "app.teamcyclistauction",
  "pk": 618,
  "fields": {
    "league_auction": 421,
    "cyclist": 794,
    "price": 2.0,
    "submitted_at": "2025-06-28T16:28:51.607Z",
    "status": "won"
  }
},
{
  "model": "app.teamcyclistauction",
  "pk": 619,
  "fields": {
    "league_auction": 421,
    "cyclist": 630,
    "price": 3.0,
    "submitted_at": "2025-06-28T16:28:51.751Z",
    "status": "won"
  }
},
{
  "model": "app.teamcyclistauction",
  "pk": 620,
  "fields": {
    "league_auction": 421,
    "cyclist": 675,
    "price": 3.0,
    "submitted_at": "2025-06-28T16:28:51.895Z",
    "status": "won"
  }
},
{
  "model": "app.teamcyclistauction",
  "pk": 621,
  "fields": {
    "league_auction": 421,
    "cyclist": 677,
    "price": 3.0,
    "submitted_at": "2025-06-28T16:28:52.038Z",
    "status": "won"
  }
},
{
  "model": "app.teamcyclistauction",
  "pk": 622,
  "fields": {
    "league_auction": 422,
    "cyclist": 488,
    "price": 16.0,
    "submitted_at": "2025-06-28T17:11:53.798Z",
    "status": "lost"
  }
},
{
  "model": "app.teamcyclistauction",
  "pk": 623,
  "fields": {
    "league_auction": 422,
    "cyclist": 608,
    "price": 83.0,
    "submitted_at": "2025-06-28T17:11:53.942Z",
    "status": "won"
  }
},
{
  "model": "app.teamcyclistauction",
  "pk": 624,
  "fields": {
    "league_auction": 422,
    "cyclist": 494,
    "price": 6.0,
    "submitted_at": "2025-06-28T17:11:54.086Z",
    "status": "lost"
  }
},
{
  "model": "app.teamcyclistauction",
  "pk": 625,
  "fields": {
    "league_auction": 422,
    "cyclist": 493,
    "price": 6.0,
    "submitted_at": "2025-06-28T17:11:54.229Z",
    "status": "won"
  }
},
{
  "model": "app.teamcyclistauction",
  "pk": 626,
  "fields": {
    "league_auction": 422,
    "cyclist": 495,
    "price": 19.0,
    "submitted_at": "2025-06-28T17:11:54.372Z",
    "status": "lost"
  }
},
{
  "model": "app.teamcyclistauction",
  "pk": 627,
  "fields": {
    "league_auction": 422,
    "cyclist": 492,
    "price": 6.0,
    "submitted_at": "2025-06-28T17:11:54.516Z",
    "status": "won"
  }
},
{
  "model": "app.teamcyclistauction",
  "pk": 628,
  "fields": {
    "league_auction": 422,
    "cyclist": 800,
    "price": 193.0,
    "submitted_at": "2025-06-28T17:11:54.659Z",
    "status": "won"
  }
},
{
  "model": "app.teamcyclistauction",
  "pk": 629,
  "fields": {
    "league_auction": 422,
    "cyclist": 799,
    "price": 100.0,
    "submitted_at": "2025-06-28T17:11:54.802Z",
    "status": "won"
  }
},
{
  "model": "app.teamcyclistauction",
  "pk": 630,
  "fields": {
    "league_auction": 422,
    "cyclist": 798,
    "price": 14.0,
    "submitted_at": "2025-06-28T17:11:54.945Z",
    "status": "won"
  }
},
{
  "model": "app.teamcyclistauction",
  "pk": 631,
  "fields": {
    "league_auction": 422,
    "cyclist": 487,
    "price": 40.0,
    "submitted_at": "2025-06-28T17:11:55.089Z",
    "status": "lost"
  }
},
{
  "model": "app.teamcyclistauction",
  "pk": 632,
  "fields": {
    "league_auction": 422,
    "cyclist": 795,
    "price": 7.0,
    "submitted_at": "2025-06-28T17:11:55.232Z",
    "status": "lost"
  }
},
{
  "model": "app.teamcyclistauction",
  "pk": 633,
  "fields": {
    "league_auction": 422,
    "cyclist": 510,
    "price": 10.0,
    "submitted_at": "2025-06-28T17:11:55.375Z",
    "status": "won"
  }
},
{
  "model": "app.teamcyclistauction",
  "pk": 634,
  "fields": {
    "league_auction": 423,
    "cyclist": 513,
    "price": 100.0,
    "submitted_at": "2025-06-29T09:29:05.998Z",
    "status": "won"
  }
},
{
  "model": "app.teamcyclistauction",
  "pk": 635,
  "fields": {
    "league_auction": 423,
    "cyclist": 514,
    "price": 50.0,
    "submitted_at": "2025-06-29T09:29:06.142Z",
    "status": "won"
  }
},
{
  "model": "app.teamcyclistauction",
  "pk": 636,
  "fields": {
    "league_auction": 423,
    "cyclist": 515,
    "price": 50.0,
    "submitted_at": "2025-06-29T09:29:06.287Z",
    "status": "won"
  }
},
{
  "model": "app.teamcyclistauction",
  "pk": 637,
  "fields": {
    "league_auction": 423,
    "cyclist": 516,
    "price": 170.0,
    "submitted_at": "2025-06-29T09:29:06.431Z",
    "status": "won"
  }
},
{
  "model": "app.teamcyclistauction",
  "pk": 638,
  "fields": {
    "league_auction": 423,
    "cyclist": 523,
    "price": 40.0,
    "submitted_at": "2025-06-29T09:29:06.574Z",
    "status": "won"
  }
},
{
  "model": "app.teamcyclistauction",
  "pk": 639,
  "fields": {
    "league_auction": 424,
    "cyclist": 506,
    "price": 86.0,
    "submitted_at": "2025-06-29T09:39:02.170Z",
    "status": "won"
  }
},
{
  "model": "app.teamcyclistauction",
  "pk": 640,
  "fields": {
    "league_auction": 425,
    "cyclist": 504,
    "price": 8.0,
    "submitted_at": "2025-06-29T11:41:09.462Z",
    "status": "lost"
  }
},
{
  "model": "app.teamcyclistauction",
  "pk": 641,
  "fields": {
    "league_auction": 425,
    "cyclist": 513,
    "price": 11.0,
    "submitted_at": "2025-06-29T11:41:09.608Z",
    "status": "lost"
  }
},
{
  "model": "app.teamcyclistauction",
  "pk": 642,
  "fields": {
    "league_auction": 425,
    "cyclist": 511,
    "price": 13.0,
    "submitted_at": "2025-06-29T11:41:09.752Z",
    "status": "won"
  }
},
{
  "model": "app.teamcyclistauction",
  "pk": 643,
  "fields": {
    "league_auction": 425,
    "cyclist": 515,
    "price": 14.0,
    "submitted_at": "2025-06-29T11:41:09.901Z",
    "status": "lost"
  }
},
{
  "model": "app.teamcyclistauction",
  "pk": 644,
  "fields": {
    "league_auction": 425,
    "cyclist": 516,
    "price": 7.0,
    "submitted_at": "2025-06-29T11:41:10.045Z",
    "status": "lost"
  }
},
{
  "model": "app.teamcyclistauction",
  "pk": 645,
  "fields": {
    "league_auction": 425,
    "cyclist": 517,
    "price": 8.0,
    "submitted_at": "2025-06-29T11:41:10.189Z",
    "status": "won"
  }
},
{
  "model": "app.teamcyclistauction",
  "pk": 646,
  "fields": {
    "league_auction": 425,
    "cyclist": 520,
    "price": 19.0,
    "submitted_at": "2025-06-29T11:41:10.333Z",
    "status": "won"
  }
},
{
  "model": "app.teamcyclistauction",
  "pk": 647,
  "fields": {
    "league_auction": 425,
    "cyclist": 521,
    "price": 8.0,
    "submitted_at": "2025-06-29T11:41:10.481Z",
    "status": "won"
  }
},
{
  "model": "app.teamcyclistauction",
  "pk": 648,
  "fields": {
    "league_auction": 426,
    "cyclist": 504,
    "price": 18.0,
    "submitted_at": "2025-06-29T12:15:11.800Z",
    "status": "won"
  }
},
{
  "model": "app.teamcyclistauction",
  "pk": 649,
  "fields": {
    "league_auction": 426,
    "cyclist": 505,
    "price": 30.0,
    "submitted_at": "2025-06-29T12:15:11.944Z",
    "status": "won"
  }
},
{
  "model": "app.teamcyclistauction",
  "pk": 650,
  "fields": {
    "league_auction": 426,
    "cyclist": 506,
    "price": 25.0,
    "submitted_at": "2025-06-29T12:15:12.086Z",
    "status": "lost"
  }
},
{
  "model": "app.teamcyclistauction",
  "pk": 651,
  "fields": {
    "league_auction": 426,
    "cyclist": 503,
    "price": 17.0,
    "submitted_at": "2025-06-29T12:15:12.229Z",
    "status": "won"
  }
},
{
  "model": "app.teamcyclistauction",
  "pk": 652,
  "fields": {
    "league_auction": 427,
    "cyclist": 509,
    "price": 25.0,
    "submitted_at": "2025-06-30T07:31:57.974Z",
    "status": "pending"
  }
},
{
  "model": "app.teamcyclistauction",
  "pk": 653,
  "fields": {
    "league_auction": 428,
    "cyclist": 485,
    "price": 293.0,
    "submitted_at": "2025-06-30T16:04:04.283Z",
    "status": "won"
  }
},
{
  "model": "app.teamcyclistauction",
  "pk": 654,
  "fields": {
    "league_auction": 428,
    "cyclist": 486,
    "price": 50.0,
    "submitted_at": "2025-06-30T16:04:04.301Z",
    "status": "lost"
  }
},
{
  "model": "app.teamcyclistauction",
  "pk": 655,
  "fields": {
    "league_auction": 428,
    "cyclist": 488,
    "price": 16.0,
    "submitted_at": "2025-06-30T16:04:04.319Z",
    "status": "won"
  }
},
{
  "model": "app.teamcyclistauction",
  "pk": 656,
  "fields": {
    "league_auction": 428,
    "cyclist": 489,
    "price": 11.0,
    "submitted_at": "2025-06-30T16:04:04.335Z",
    "status": "won"
  }
},
{
  "model": "app.teamcyclistauction",
  "pk": 657,
  "fields": {
    "league_auction": 428,
    "cyclist": 487,
    "price": 40.0,
    "submitted_at": "2025-06-30T16:04:04.352Z",
    "status": "won"
  }
},
{
  "model": "app.teamcyclistauction",
  "pk": 658,
  "fields": {
    "league_auction": 428,
    "cyclist": 490,
    "price": 19.0,
    "submitted_at": "2025-06-30T16:04:04.369Z",
    "status": "won"
  }
},
{
  "model": "app.teamcyclistauction",
  "pk": 659,
  "fields": {
    "league_auction": 428,
    "cyclist": 491,
    "price": 17.0,
    "submitted_at": "2025-06-30T16:04:04.387Z",
    "status": "won"
  }
},
{
  "model": "app.teamcyclistauction",
  "pk": 660,
  "fields": {
    "league_auction": 428,
    "cyclist": 492,
    "price": 6.0,
    "submitted_at": "2025-06-30T16:04:04.404Z",
    "status": "won"
  }
},
{
  "model": "app.teamcyclistauction",
  "pk": 661,
  "fields": {
    "league_auction": 428,
    "cyclist": 493,
    "price": 6.0,
    "submitted_at": "2025-06-30T16:04:04.423Z",
    "status": "won"
  }
},
{
  "model": "app.teamcyclistauction",
  "pk": 662,
  "fields": {
    "league_auction": 428,
    "cyclist": 494,
    "price": 6.0,
    "submitted_at": "2025-06-30T16:04:04.439Z",
    "status": "won"
  }
},
{
  "model": "app.teamcyclistauction",
  "pk": 663,
  "fields": {
    "league_auction": 428,
    "cyclist": 495,
    "price": 19.0,
    "submitted_at": "2025-06-30T16:04:04.455Z",
    "status": "won"
  }
},
{
  "model": "app.teamcyclistauction",
  "pk": 664,
  "fields": {
    "league_auction": 428,
    "cyclist": 496,
    "price": 17.0,
    "submitted_at": "2025-06-30T16:04:04.472Z",
    "status": "won"
  }
},
{
  "model": "app.teamcyclistauction",
  "pk": 665,
  "fields": {
    "league_auction": 429,
    "cyclist": 485,
    "price": 50.0,
    "submitted_at": "2025-06-30T16:04:37.338Z",
    "status": "lost"
  }
},
{
  "model": "app.teamcyclistauction",
  "pk": 666,
  "fields": {
    "league_auction": 429,
    "cyclist": 486,
    "price": 244.0,
    "submitted_at": "2025-06-30T16:04:37.356Z",
    "status": "won"
  }
},
{
  "model": "app.teamcyclistauction",
  "pk": 667,
  "fields": {
    "league_auction": 429,
    "cyclist": 487,
    "price": 40.0,
    "submitted_at": "2025-06-30T16:04:37.374Z",
    "status": "lost"
  }
},
{
  "model": "app.teamcyclistauction",
  "pk": 668,
  "fields": {
    "league_auction": 429,
    "cyclist": 488,
    "price": 16.0,
    "submitted_at": "2025-06-30T16:04:37.391Z",
    "status": "lost"
  }
},
{
  "model": "app.teamcyclistauction",
  "pk": 669,
  "fields": {
    "league_auction": 429,
    "cyclist": 489,
    "price": 11.0,
    "submitted_at": "2025-06-30T16:04:37.410Z",
    "status": "lost"
  }
},
{
  "model": "app.teamcyclistauction",
  "pk": 670,
  "fields": {
    "league_auction": 429,
    "cyclist": 490,
    "price": 19.0,
    "submitted_at": "2025-06-30T16:04:37.427Z",
    "status": "lost"
  }
},
{
  "model": "app.teamcyclistauction",
  "pk": 671,
  "fields": {
    "league_auction": 429,
    "cyclist": 491,
    "price": 17.0,
    "submitted_at": "2025-06-30T16:04:37.444Z",
    "status": "lost"
  }
},
{
  "model": "app.teamcyclistauction",
  "pk": 672,
  "fields": {
    "league_auction": 429,
    "cyclist": 492,
    "price": 6.0,
    "submitted_at": "2025-06-30T16:04:37.461Z",
    "status": "lost"
  }
},
{
  "model": "app.teamcyclistauction",
  "pk": 673,
  "fields": {
    "league_auction": 429,
    "cyclist": 493,
    "price": 6.0,
    "submitted_at": "2025-06-30T16:04:37.478Z",
    "status": "lost"
  }
},
{
  "model": "app.teamcyclistauction",
  "pk": 674,
  "fields": {
    "league_auction": 429,
    "cyclist": 494,
    "price": 6.0,
    "submitted_at": "2025-06-30T16:04:37.495Z",
    "status": "lost"
  }
},
{
  "model": "app.teamcyclistauction",
  "pk": 675,
  "fields": {
    "league_auction": 429,
    "cyclist": 495,
    "price": 19.0,
    "submitted_at": "2025-06-30T16:04:37.512Z",
    "status": "lost"
  }
},
{
  "model": "app.teamcyclistauction",
  "pk": 676,
  "fields": {
    "league_auction": 429,
    "cyclist": 496,
    "price": 17.0,
    "submitted_at": "2025-06-30T16:04:37.528Z",
    "status": "lost"
  }
},
{
  "model": "app.teamcyclistauction",
  "pk": 677,
  "fields": {
    "league_auction": 429,
    "cyclist": 497,
    "price": 7.0,
    "submitted_at": "2025-06-30T16:04:37.545Z",
    "status": "won"
  }
},
{
  "model": "app.teamcyclistauction",
  "pk": 678,
  "fields": {
    "league_auction": 429,
    "cyclist": 498,
    "price": 8.0,
    "submitted_at": "2025-06-30T16:04:37.561Z",
    "status": "won"
  }
},
{
  "model": "app.teamcyclistauction",
  "pk": 679,
  "fields": {
    "league_auction": 429,
    "cyclist": 499,
    "price": 6.0,
    "submitted_at": "2025-06-30T16:04:37.578Z",
    "status": "won"
  }
},
{
  "model": "app.teamcyclistauction",
  "pk": 680,
  "fields": {
    "league_auction": 429,
    "cyclist": 500,
    "price": 5.0,
    "submitted_at": "2025-06-30T16:04:37.594Z",
    "status": "won"
  }
},
{
  "model": "app.teamcyclistauction",
  "pk": 681,
  "fields": {
    "league_auction": 429,
    "cyclist": 501,
    "price": 23.0,
    "submitted_at": "2025-06-30T16:04:37.609Z",
    "status": "won"
  }
},
{
  "model": "app.teamcyclistauction",
  "pk": 682,
  "fields": {
    "league_auction": 430,
    "cyclist": 502,
    "price": 100.0,
    "submitted_at": "2025-06-30T16:05:39.467Z",
    "status": "won"
  }
},
{
  "model": "app.teamcyclistauction",
  "pk": 683,
  "fields": {
    "league_auction": 430,
    "cyclist": 503,
    "price": 17.0,
    "submitted_at": "2025-06-30T16:05:39.487Z",
    "status": "won"
  }
},
{
  "model": "app.teamcyclistauction",
  "pk": 684,
  "fields": {
    "league_auction": 430,
    "cyclist": 504,
    "price": 8.0,
    "submitted_at": "2025-06-30T16:05:39.503Z",
    "status": "won"
  }
},
{
  "model": "app.teamcyclistauction",
  "pk": 685,
  "fields": {
    "league_auction": 430,
    "cyclist": 505,
    "price": 22.0,
    "submitted_at": "2025-06-30T16:05:39.539Z",
    "status": "won"
  }
},
{
  "model": "app.teamcyclistauction",
  "pk": 686,
  "fields": {
    "league_auction": 430,
    "cyclist": 507,
    "price": 20.0,
    "submitted_at": "2025-06-30T16:05:39.575Z",
    "status": "won"
  }
},
{
  "model": "app.teamcyclistauction",
  "pk": 687,
  "fields": {
    "league_auction": 430,
    "cyclist": 508,
    "price": 14.0,
    "submitted_at": "2025-06-30T16:05:39.591Z",
    "status": "won"
  }
},
{
  "model": "app.teamcyclistauction",
  "pk": 688,
  "fields": {
    "league_auction": 430,
    "cyclist": 509,
    "price": 13.0,
    "submitted_at": "2025-06-30T16:05:39.618Z",
    "status": "won"
  }
},
{
  "model": "app.teamcyclistauction",
  "pk": 689,
  "fields": {
    "league_auction": 430,
    "cyclist": 511,
    "price": 13.0,
    "submitted_at": "2025-06-30T16:05:39.652Z",
    "status": "won"
  }
},
{
  "model": "app.teamcyclistauction",
  "pk": 690,
  "fields": {
    "league_auction": 431,
    "cyclist": 532,
    "price": 50.0,
    "submitted_at": "2025-06-30T16:06:03.543Z",
    "status": "won"
  }
},
{
  "model": "app.teamcyclistauction",
  "pk": 691,
  "fields": {
    "league_auction": 432,
    "cyclist": 738,
    "price": 204.0,
    "submitted_at": "2025-07-01T17:15:20.693Z",
    "status": "pending"
  }
},
{
  "model": "app.teamcyclistauction",
  "pk": 692,
  "fields": {
    "league_auction": 432,
    "cyclist": 702,
    "price": 13.0,
    "submitted_at": "2025-07-01T17:15:20.839Z",
    "status": "pending"
  }
},
{
  "model": "app.teamcyclistauction",
  "pk": 693,
  "fields": {
    "league_auction": 432,
    "cyclist": 779,
    "price": 7.0,
    "submitted_at": "2025-07-01T17:15:20.986Z",
    "status": "pending"
  }
},
{
  "model": "app.teamcyclistauction",
  "pk": 694,
  "fields": {
    "league_auction": 432,
    "cyclist": 768,
    "price": 7.0,
    "submitted_at": "2025-07-01T17:15:21.132Z",
    "status": "pending"
  }
},
{
  "model": "app.teamcyclistauction",
  "pk": 695,
  "fields": {
    "league_auction": 432,
    "cyclist": 737,
    "price": 11.0,
    "submitted_at": "2025-07-01T17:15:21.278Z",
    "status": "pending"
  }
},
{
  "model": "app.teamcyclistauction",
  "pk": 696,
  "fields": {
    "league_auction": 432,
    "cyclist": 651,
    "price": 64.0,
    "submitted_at": "2025-07-01T17:15:21.424Z",
    "status": "pending"
  }
},
{
  "model": "app.teamcyclistauction",
  "pk": 697,
  "fields": {
    "league_auction": 432,
    "cyclist": 596,
    "price": 11.0,
    "submitted_at": "2025-07-01T17:15:21.570Z",
    "status": "pending"
  }
},
{
  "model": "app.teamcyclistauction",
  "pk": 698,
  "fields": {
    "league_auction": 432,
    "cyclist": 605,
    "price": 84.0,
    "submitted_at": "2025-07-01T17:15:21.716Z",
    "status": "pending"
  }
},
{
  "model": "app.teamcyclistauction",
  "pk": 699,
  "fields": {
    "league_auction": 432,
    "cyclist": 542,
    "price": 34.0,
    "submitted_at": "2025-07-01T17:15:21.862Z",
    "status": "pending"
  }
},
{
  "model": "app.teamcyclistauction",
  "pk": 700,
  "fields": {
    "league_auction": 432,
    "cyclist": 544,
    "price": 19.0,
    "submitted_at": "2025-07-01T17:15:22.008Z",
    "status": "pending"
  }
},
{
  "model": "app.teamcyclistauction",
  "pk": 701,
  "fields": {
    "league_auction": 432,
    "cyclist": 565,
    "price": 31.0,
    "submitted_at": "2025-07-01T17:15:22.154Z",
    "status": "pending"
  }
},
{
  "model": "app.teamcyclistauction",
  "pk": 702,
  "fields": {
    "league_auction": 432,
    "cyclist": 771,
    "price": 15.0,
    "submitted_at": "2025-07-01T17:15:22.300Z",
    "status": "pending"
  }
},
{
  "model": "app.teamcyclistauction",
  "pk": 703,
  "fields": {
    "league_auction": 433,
    "cyclist": 739,
    "price": 133.0,
    "submitted_at": "2025-07-01T18:39:51.197Z",
    "status": "pending"
  }
},
{
  "model": "app.teamcyclistauction",
  "pk": 704,
  "fields": {
    "league_auction": 433,
    "cyclist": 486,
    "price": 211.0,
    "submitted_at": "2025-07-01T18:39:51.341Z",
    "status": "pending"
  }
},
{
  "model": "app.teamcyclistauction",
  "pk": 705,
  "fields": {
    "league_auction": 433,
    "cyclist": 654,
    "price": 51.0,
    "submitted_at": "2025-07-01T18:39:51.484Z",
    "status": "pending"
  }
},
{
  "model": "app.teamcyclistauction",
  "pk": 706,
  "fields": {
    "league_auction": 433,
    "cyclist": 694,
    "price": 40.0,
    "submitted_at": "2025-07-01T18:39:51.628Z",
    "status": "pending"
  }
},
{
  "model": "app.teamcyclistauction",
  "pk": 707,
  "fields": {
    "league_auction": 433,
    "cyclist": 638,
    "price": 35.0,
    "submitted_at": "2025-07-01T18:39:51.771Z",
    "status": "pending"
  }
},
{
  "model": "app.teamcyclistauction",
  "pk": 708,
  "fields": {
    "league_auction": 433,
    "cyclist": 620,
    "price": 4.0,
    "submitted_at": "2025-07-01T18:39:51.914Z",
    "status": "pending"
  }
},
{
  "model": "app.teamcyclistauction",
  "pk": 709,
  "fields": {
    "league_auction": 433,
    "cyclist": 796,
    "price": 6.0,
    "submitted_at": "2025-07-01T18:39:52.057Z",
    "status": "pending"
  }
},
{
  "model": "app.teamcyclistauction",
  "pk": 710,
  "fields": {
    "league_auction": 433,
    "cyclist": 803,
    "price": 3.0,
    "submitted_at": "2025-07-01T18:39:52.201Z",
    "status": "pending"
  }
},
{
  "model": "app.teamcyclistauction",
  "pk": 711,
  "fields": {
    "league_auction": 433,
    "cyclist": 801,
    "price": 5.0,
    "submitted_at": "2025-07-01T18:39:52.346Z",
    "status": "pending"
  }
},
{
  "model": "app.teamcyclistauction",
  "pk": 712,
  "fields": {
    "league_auction": 433,
    "cyclist": 802,
    "price": 4.0,
    "submitted_at": "2025-07-01T18:39:52.489Z",
    "status": "pending"
  }
},
{
  "model": "app.teamcyclistauction",
  "pk": 713,
  "fields": {
    "league_auction": 433,
    "cyclist": 562,
    "price": 6.0,
    "submitted_at": "2025-07-01T18:39:52.633Z",
    "status": "pending"
  }
},
{
  "model": "app.teamcyclistauction",
  "pk": 714,
  "fields": {
    "league_auction": 433,
    "cyclist": 794,
    "price": 2.0,
    "submitted_at": "2025-07-01T18:39:52.776Z",
    "status": "pending"
  }
},
{
  "model": "app.teamcyclistauction",
  "pk": 715,
  "fields": {
    "league_auction": 434,
    "cyclist": 495,
    "price": 49.0,
    "submitted_at": "2025-07-01T19:46:06.303Z",
    "status": "pending"
  }
},
{
  "model": "app.teamcyclistauction",
  "pk": 716,
  "fields": {
    "league_auction": 434,
    "cyclist": 605,
    "price": 148.0,
    "submitted_at": "2025-07-01T19:46:06.446Z",
    "status": "pending"
  }
},
{
  "model": "app.teamcyclistauction",
  "pk": 717,
  "fields": {
    "league_auction": 434,
    "cyclist": 651,
    "price": 100.0,
    "submitted_at": "2025-07-01T19:46:06.588Z",
    "status": "pending"
  }
},
{
  "model": "app.teamcyclistauction",
  "pk": 718,
  "fields": {
    "league_auction": 434,
    "cyclist": 702,
    "price": 12.0,
    "submitted_at": "2025-07-01T19:46:06.730Z",
    "status": "pending"
  }
},
{
  "model": "app.teamcyclistauction",
  "pk": 719,
  "fields": {
    "league_auction": 434,
    "cyclist": 739,
    "price": 90.0,
    "submitted_at": "2025-07-01T19:46:06.873Z",
    "status": "pending"
  }
},
{
  "model": "app.teamcyclistauction",
  "pk": 720,
  "fields": {
    "league_auction": 434,
    "cyclist": 759,
    "price": 28.0,
    "submitted_at": "2025-07-01T19:46:07.015Z",
    "status": "pending"
  }
},
{
  "model": "app.teamcyclistauction",
  "pk": 721,
  "fields": {
    "league_auction": 434,
    "cyclist": 792,
    "price": 9.0,
    "submitted_at": "2025-07-01T19:46:07.157Z",
    "status": "pending"
  }
},
{
  "model": "app.teamcyclistauction",
  "pk": 722,
  "fields": {
    "league_auction": 434,
    "cyclist": 528,
    "price": 20.0,
    "submitted_at": "2025-07-01T19:46:07.300Z",
    "status": "pending"
  }
},
{
  "model": "app.teamcyclistauction",
  "pk": 723,
  "fields": {
    "league_auction": 434,
    "cyclist": 704,
    "price": 8.0,
    "submitted_at": "2025-07-01T19:46:07.442Z",
    "status": "pending"
  }
},
{
  "model": "app.teamcyclistauction",
  "pk": 724,
  "fields": {
    "league_auction": 434,
    "cyclist": 703,
    "price": 8.0,
    "submitted_at": "2025-07-01T19:46:07.584Z",
    "status": "pending"
  }
},
{
  "model": "app.teamcyclistauction",
  "pk": 725,
  "fields": {
    "league_auction": 434,
    "cyclist": 512,
    "price": 20.0,
    "submitted_at": "2025-07-01T19:46:07.726Z",
    "status": "pending"
  }
},
{
  "model": "app.teamcyclistauction",
  "pk": 726,
  "fields": {
    "league_auction": 434,
    "cyclist": 611,
    "price": 8.0,
    "submitted_at": "2025-07-01T19:46:07.869Z",
    "status": "pending"
  }
},
{
  "model": "app.teamcyclistauction",
  "pk": 727,
  "fields": {
    "league_auction": 435,
    "cyclist": 738,
    "price": 102.0,
    "submitted_at": "2025-07-01T23:39:53.158Z",
    "status": "pending"
  }
},
{
  "model": "app.teamcyclistauction",
  "pk": 728,
  "fields": {
    "league_auction": 435,
    "cyclist": 605,
    "price": 168.0,
    "submitted_at": "2025-07-01T23:39:53.303Z",
    "status": "pending"
  }
},
{
  "model": "app.teamcyclistauction",
  "pk": 729,
  "fields": {
    "league_auction": 435,
    "cyclist": 711,
    "price": 55.0,
    "submitted_at": "2025-07-01T23:39:53.446Z",
    "status": "pending"
  }
},
{
  "model": "app.teamcyclistauction",
  "pk": 730,
  "fields": {
    "league_auction": 435,
    "cyclist": 608,
    "price": 32.0,
    "submitted_at": "2025-07-01T23:39:53.589Z",
    "status": "pending"
  }
},
{
  "model": "app.teamcyclistauction",
  "pk": 731,
  "fields": {
    "league_auction": 435,
    "cyclist": 694,
    "price": 20.0,
    "submitted_at": "2025-07-01T23:39:53.732Z",
    "status": "pending"
  }
},
{
  "model": "app.teamcyclistauction",
  "pk": 732,
  "fields": {
    "league_auction": 435,
    "cyclist": 565,
    "price": 56.0,
    "submitted_at": "2025-07-01T23:39:53.875Z",
    "status": "pending"
  }
},
{
  "model": "app.teamcyclistauction",
  "pk": 733,
  "fields": {
    "league_auction": 435,
    "cyclist": 758,
    "price": 23.0,
    "submitted_at": "2025-07-01T23:39:54.019Z",
    "status": "pending"
  }
},
{
  "model": "app.teamcyclistauction",
  "pk": 734,
  "fields": {
    "league_auction": 435,
    "cyclist": 592,
    "price": 22.0,
    "submitted_at": "2025-07-01T23:39:54.162Z",
    "status": "pending"
  }
},
{
  "model": "app.teamcyclistauction",
  "pk": 735,
  "fields": {
    "league_auction": 435,
    "cyclist": 508,
    "price": 16.0,
    "submitted_at": "2025-07-01T23:39:54.305Z",
    "status": "pending"
  }
},
{
  "model": "app.teamcyclistauction",
  "pk": 736,
  "fields": {
    "league_auction": 435,
    "cyclist": 659,
    "price": 2.0,
    "submitted_at": "2025-07-01T23:39:54.448Z",
    "status": "pending"
  }
},
{
  "model": "app.teamcyclistauction",
  "pk": 737,
  "fields": {
    "league_auction": 435,
    "cyclist": 583,
    "price": 2.0,
    "submitted_at": "2025-07-01T23:39:54.591Z",
    "status": "pending"
  }
},
{
  "model": "app.teamcyclistauction",
  "pk": 738,
  "fields": {
    "league_auction": 435,
    "cyclist": 794,
    "price": 2.0,
    "submitted_at": "2025-07-01T23:39:54.734Z",
    "status": "pending"
  }
},
{
  "model": "app.teamcyclistauction",
  "pk": 739,
  "fields": {
    "league_auction": 436,
    "cyclist": 508,
    "price": 22.0,
    "submitted_at": "2025-07-02T05:09:09.955Z",
    "status": "pending"
  }
},
{
  "model": "app.teamcyclistauction",
  "pk": 740,
  "fields": {
    "league_auction": 436,
    "cyclist": 738,
    "price": 239.0,
    "submitted_at": "2025-07-02T05:09:10.102Z",
    "status": "pending"
  }
},
{
  "model": "app.teamcyclistauction",
  "pk": 741,
  "fields": {
    "league_auction": 436,
    "cyclist": 605,
    "price": 89.0,
    "submitted_at": "2025-07-02T05:09:10.248Z",
    "status": "pending"
  }
},
{
  "model": "app.teamcyclistauction",
  "pk": 742,
  "fields": {
    "league_auction": 436,
    "cyclist": 686,
    "price": 21.0,
    "submitted_at": "2025-07-02T05:09:10.395Z",
    "status": "pending"
  }
},
{
  "model": "app.teamcyclistauction",
  "pk": 743,
  "fields": {
    "league_auction": 436,
    "cyclist": 593,
    "price": 24.0,
    "submitted_at": "2025-07-02T05:09:10.542Z",
    "status": "pending"
  }
},
{
  "model": "app.teamcyclistauction",
  "pk": 744,
  "fields": {
    "league_auction": 436,
    "cyclist": 567,
    "price": 52.0,
    "submitted_at": "2025-07-02T05:09:10.688Z",
    "status": "pending"
  }
},
{
  "model": "app.teamcyclistauction",
  "pk": 745,
  "fields": {
    "league_auction": 436,
    "cyclist": 704,
    "price": 8.0,
    "submitted_at": "2025-07-02T05:09:10.836Z",
    "status": "pending"
  }
},
{
  "model": "app.teamcyclistauction",
  "pk": 746,
  "fields": {
    "league_auction": 436,
    "cyclist": 643,
    "price": 10.0,
    "submitted_at": "2025-07-02T05:09:10.982Z",
    "status": "pending"
  }
},
{
  "model": "app.teamcyclistauction",
  "pk": 747,
  "fields": {
    "league_auction": 436,
    "cyclist": 779,
    "price": 6.0,
    "submitted_at": "2025-07-02T05:09:11.128Z",
    "status": "pending"
  }
},
{
  "model": "app.teamcyclistauction",
  "pk": 748,
  "fields": {
    "league_auction": 436,
    "cyclist": 759,
    "price": 17.0,
    "submitted_at": "2025-07-02T05:09:11.274Z",
    "status": "pending"
  }
},
{
  "model": "app.teamcyclistauction",
  "pk": 749,
  "fields": {
    "league_auction": 436,
    "cyclist": 492,
    "price": 6.0,
    "submitted_at": "2025-07-02T05:09:11.420Z",
    "status": "pending"
  }
},
{
  "model": "app.teamcyclistauction",
  "pk": 750,
  "fields": {
    "league_auction": 436,
    "cyclist": 494,
    "price": 6.0,
    "submitted_at": "2025-07-02T05:09:11.567Z",
    "status": "pending"
  }
},
{
  "model": "app.teamcyclistauction",
  "pk": 751,
  "fields": {
    "league_auction": 437,
    "cyclist": 508,
    "price": 22.0,
    "submitted_at": "2025-07-02T05:09:31.548Z",
    "status": "pending"
  }
},
{
  "model": "app.teamcyclistauction",
  "pk": 752,
  "fields": {
    "league_auction": 437,
    "cyclist": 738,
    "price": 239.0,
    "submitted_at": "2025-07-02T05:09:31.690Z",
    "status": "pending"
  }
},
{
  "model": "app.teamcyclistauction",
  "pk": 753,
  "fields": {
    "league_auction": 437,
    "cyclist": 605,
    "price": 89.0,
    "submitted_at": "2025-07-02T05:09:31.831Z",
    "status": "pending"
  }
},
{
  "model": "app.teamcyclistauction",
  "pk": 754,
  "fields": {
    "league_auction": 437,
    "cyclist": 686,
    "price": 21.0,
    "submitted_at": "2025-07-02T05:09:31.972Z",
    "status": "pending"
  }
},
{
  "model": "app.teamcyclistauction",
  "pk": 755,
  "fields": {
    "league_auction": 437,
    "cyclist": 593,
    "price": 24.0,
    "submitted_at": "2025-07-02T05:09:32.113Z",
    "status": "pending"
  }
},
{
  "model": "app.teamcyclistauction",
  "pk": 756,
  "fields": {
    "league_auction": 437,
    "cyclist": 567,
    "price": 52.0,
    "submitted_at": "2025-07-02T05:09:32.254Z",
    "status": "pending"
  }
},
{
  "model": "app.teamcyclistauction",
  "pk": 757,
  "fields": {
    "league_auction": 437,
    "cyclist": 704,
    "price": 8.0,
    "submitted_at": "2025-07-02T05:09:32.396Z",
    "status": "pending"
  }
},
{
  "model": "app.teamcyclistauction",
  "pk": 758,
  "fields": {
    "league_auction": 437,
    "cyclist": 643,
    "price": 10.0,
    "submitted_at": "2025-07-02T05:09:32.537Z",
    "status": "pending"
  }
},
{
  "model": "app.teamcyclistauction",
  "pk": 759,
  "fields": {
    "league_auction": 437,
    "cyclist": 779,
    "price": 6.0,
    "submitted_at": "2025-07-02T05:09:32.678Z",
    "status": "pending"
  }
},
{
  "model": "app.teamcyclistauction",
  "pk": 760,
  "fields": {
    "league_auction": 437,
    "cyclist": 759,
    "price": 17.0,
    "submitted_at": "2025-07-02T05:09:32.820Z",
    "status": "pending"
  }
},
{
  "model": "app.teamcyclistauction",
  "pk": 761,
  "fields": {
    "league_auction": 437,
    "cyclist": 492,
    "price": 6.0,
    "submitted_at": "2025-07-02T05:09:32.961Z",
    "status": "pending"
  }
},
{
  "model": "app.teamcyclistauction",
  "pk": 762,
  "fields": {
    "league_auction": 437,
    "cyclist": 494,
    "price": 6.0,
    "submitted_at": "2025-07-02T05:09:33.102Z",
    "status": "pending"
  }
},
{
  "model": "app.teamcyclistauction",
  "pk": 763,
  "fields": {
    "league_auction": 438,
    "cyclist": 633,
    "price": 65.0,
    "submitted_at": "2025-07-02T08:35:10.841Z",
    "status": "pending"
  }
},
{
  "model": "app.teamcyclistauction",
  "pk": 764,
  "fields": {
    "league_auction": 438,
    "cyclist": 679,
    "price": 65.0,
    "submitted_at": "2025-07-02T08:35:10.986Z",
    "status": "pending"
  }
},
{
  "model": "app.teamcyclistauction",
  "pk": 765,
  "fields": {
    "league_auction": 438,
    "cyclist": 604,
    "price": 58.0,
    "submitted_at": "2025-07-02T08:35:11.131Z",
    "status": "pending"
  }
},
{
  "model": "app.teamcyclistauction",
  "pk": 766,
  "fields": {
    "league_auction": 438,
    "cyclist": 605,
    "price": 85.0,
    "submitted_at": "2025-07-02T08:35:11.275Z",
    "status": "pending"
  }
},
{
  "model": "app.teamcyclistauction",
  "pk": 767,
  "fields": {
    "league_auction": 438,
    "cyclist": 578,
    "price": 50.0,
    "submitted_at": "2025-07-02T08:35:11.419Z",
    "status": "pending"
  }
},
{
  "model": "app.teamcyclistauction",
  "pk": 768,
  "fields": {
    "league_auction": 438,
    "cyclist": 496,
    "price": 19.0,
    "submitted_at": "2025-07-02T08:35:11.563Z",
    "status": "pending"
  }
},
{
  "model": "app.teamcyclistauction",
  "pk": 769,
  "fields": {
    "league_auction": 438,
    "cyclist": 557,
    "price": 26.0,
    "submitted_at": "2025-07-02T08:35:11.708Z",
    "status": "pending"
  }
},
{
  "model": "app.teamcyclistauction",
  "pk": 770,
  "fields": {
    "league_auction": 438,
    "cyclist": 728,
    "price": 55.0,
    "submitted_at": "2025-07-02T08:35:11.852Z",
    "status": "pending"
  }
},
{
  "model": "app.teamcyclistauction",
  "pk": 771,
  "fields": {
    "league_auction": 438,
    "cyclist": 705,
    "price": 20.0,
    "submitted_at": "2025-07-02T08:35:11.996Z",
    "status": "pending"
  }
},
{
  "model": "app.teamcyclistauction",
  "pk": 772,
  "fields": {
    "league_auction": 438,
    "cyclist": 562,
    "price": 9.0,
    "submitted_at": "2025-07-02T08:35:12.140Z",
    "status": "pending"
  }
},
{
  "model": "app.teamcyclistauction",
  "pk": 773,
  "fields": {
    "league_auction": 438,
    "cyclist": 746,
    "price": 30.0,
    "submitted_at": "2025-07-02T08:35:12.284Z",
    "status": "pending"
  }
},
{
  "model": "app.teamcyclistauction",
  "pk": 774,
  "fields": {
    "league_auction": 438,
    "cyclist": 726,
    "price": 18.0,
    "submitted_at": "2025-07-02T08:35:12.428Z",
    "status": "pending"
  }
},
{
  "model": "app.teamcyclistauction",
  "pk": 775,
  "fields": {
    "league_auction": 439,
    "cyclist": 682,
    "price": 18.0,
    "submitted_at": "2025-07-02T08:58:45.257Z",
    "status": "pending"
  }
},
{
  "model": "app.teamcyclistauction",
  "pk": 776,
  "fields": {
    "league_auction": 439,
    "cyclist": 759,
    "price": 16.0,
    "submitted_at": "2025-07-02T08:58:45.402Z",
    "status": "pending"
  }
},
{
  "model": "app.teamcyclistauction",
  "pk": 777,
  "fields": {
    "league_auction": 439,
    "cyclist": 678,
    "price": 11.0,
    "submitted_at": "2025-07-02T08:58:45.546Z",
    "status": "pending"
  }
},
{
  "model": "app.teamcyclistauction",
  "pk": 778,
  "fields": {
    "league_auction": 439,
    "cyclist": 548,
    "price": 10.0,
    "submitted_at": "2025-07-02T08:58:45.690Z",
    "status": "pending"
  }
},
{
  "model": "app.teamcyclistauction",
  "pk": 779,
  "fields": {
    "league_auction": 439,
    "cyclist": 712,
    "price": 270.0,
    "submitted_at": "2025-07-02T08:58:45.835Z",
    "status": "pending"
  }
},
{
  "model": "app.teamcyclistauction",
  "pk": 780,
  "fields": {
    "league_auction": 439,
    "cyclist": 568,
    "price": 55.0,
    "submitted_at": "2025-07-02T08:58:45.979Z",
    "status": "pending"
  }
},
{
  "model": "app.teamcyclistauction",
  "pk": 781,
  "fields": {
    "league_auction": 439,
    "cyclist": 622,
    "price": 38.0,
    "submitted_at": "2025-07-02T08:58:46.123Z",
    "status": "pending"
  }
},
{
  "model": "app.teamcyclistauction",
  "pk": 782,
  "fields": {
    "league_auction": 439,
    "cyclist": 555,
    "price": 18.0,
    "submitted_at": "2025-07-02T08:58:46.268Z",
    "status": "pending"
  }
},
{
  "model": "app.teamcyclistauction",
  "pk": 783,
  "fields": {
    "league_auction": 439,
    "cyclist": 756,
    "price": 23.0,
    "submitted_at": "2025-07-02T08:58:46.412Z",
    "status": "pending"
  }
},
{
  "model": "app.teamcyclistauction",
  "pk": 784,
  "fields": {
    "league_auction": 439,
    "cyclist": 543,
    "price": 37.0,
    "submitted_at": "2025-07-02T08:58:46.556Z",
    "status": "pending"
  }
},
{
  "model": "app.teamcyclistauction",
  "pk": 785,
  "fields": {
    "league_auction": 439,
    "cyclist": 583,
    "price": 2.0,
    "submitted_at": "2025-07-02T08:58:46.700Z",
    "status": "pending"
  }
},
{
  "model": "app.teamcyclistauction",
  "pk": 786,
  "fields": {
    "league_auction": 439,
    "cyclist": 659,
    "price": 2.0,
    "submitted_at": "2025-07-02T08:58:46.844Z",
    "status": "pending"
  }
},
{
  "model": "app.teamcyclistauction",
  "pk": 787,
  "fields": {
    "league_auction": 440,
    "cyclist": 712,
    "price": 130.0,
    "submitted_at": "2025-07-02T12:37:48.574Z",
    "status": "pending"
  }
},
{
  "model": "app.teamcyclistauction",
  "pk": 788,
  "fields": {
    "league_auction": 440,
    "cyclist": 651,
    "price": 88.0,
    "submitted_at": "2025-07-02T12:37:48.721Z",
    "status": "pending"
  }
},
{
  "model": "app.teamcyclistauction",
  "pk": 789,
  "fields": {
    "league_auction": 440,
    "cyclist": 485,
    "price": 60.0,
    "submitted_at": "2025-07-02T12:37:48.869Z",
    "status": "pending"
  }
},
{
  "model": "app.teamcyclistauction",
  "pk": 790,
  "fields": {
    "league_auction": 440,
    "cyclist": 567,
    "price": 55.0,
    "submitted_at": "2025-07-02T12:37:49.015Z",
    "status": "pending"
  }
},
{
  "model": "app.teamcyclistauction",
  "pk": 791,
  "fields": {
    "league_auction": 440,
    "cyclist": 501,
    "price": 25.0,
    "submitted_at": "2025-07-02T12:37:49.162Z",
    "status": "pending"
  }
},
{
  "model": "app.teamcyclistauction",
  "pk": 792,
  "fields": {
    "league_auction": 440,
    "cyclist": 486,
    "price": 52.0,
    "submitted_at": "2025-07-02T12:37:49.309Z",
    "status": "pending"
  }
},
{
  "model": "app.teamcyclistauction",
  "pk": 793,
  "fields": {
    "league_auction": 440,
    "cyclist": 680,
    "price": 31.0,
    "submitted_at": "2025-07-02T12:37:49.456Z",
    "status": "pending"
  }
},
{
  "model": "app.teamcyclistauction",
  "pk": 794,
  "fields": {
    "league_auction": 440,
    "cyclist": 682,
    "price": 18.0,
    "submitted_at": "2025-07-02T12:37:49.602Z",
    "status": "pending"
  }
},
{
  "model": "app.teamcyclistauction",
  "pk": 795,
  "fields": {
    "league_auction": 440,
    "cyclist": 756,
    "price": 25.0,
    "submitted_at": "2025-07-02T12:37:49.749Z",
    "status": "pending"
  }
},
{
  "model": "app.teamcyclistauction",
  "pk": 796,
  "fields": {
    "league_auction": 440,
    "cyclist": 521,
    "price": 9.0,
    "submitted_at": "2025-07-02T12:37:49.896Z",
    "status": "pending"
  }
},
{
  "model": "app.teamcyclistauction",
  "pk": 797,
  "fields": {
    "league_auction": 440,
    "cyclist": 619,
    "price": 5.0,
    "submitted_at": "2025-07-02T12:37:50.042Z",
    "status": "pending"
  }
},
{
  "model": "app.teamcyclistauction",
  "pk": 798,
  "fields": {
    "league_auction": 440,
    "cyclist": 583,
    "price": 2.0,
    "submitted_at": "2025-07-02T12:37:50.188Z",
    "status": "pending"
  }
},
{
  "model": "app.teamcyclistauction",
  "pk": 799,
  "fields": {
    "league_auction": 441,
    "cyclist": 712,
    "price": 130.0,
    "submitted_at": "2025-07-02T12:37:57.488Z",
    "status": "pending"
  }
},
{
  "model": "app.teamcyclistauction",
  "pk": 800,
  "fields": {
    "league_auction": 441,
    "cyclist": 651,
    "price": 88.0,
    "submitted_at": "2025-07-02T12:37:57.634Z",
    "status": "pending"
  }
},
{
  "model": "app.teamcyclistauction",
  "pk": 801,
  "fields": {
    "league_auction": 441,
    "cyclist": 485,
    "price": 60.0,
    "submitted_at": "2025-07-02T12:37:57.779Z",
    "status": "pending"
  }
},
{
  "model": "app.teamcyclistauction",
  "pk": 802,
  "fields": {
    "league_auction": 441,
    "cyclist": 567,
    "price": 55.0,
    "submitted_at": "2025-07-02T12:37:57.974Z",
    "status": "pending"
  }
},
{
  "model": "app.teamcyclistauction",
  "pk": 803,
  "fields": {
    "league_auction": 441,
    "cyclist": 501,
    "price": 25.0,
    "submitted_at": "2025-07-02T12:37:58.119Z",
    "status": "pending"
  }
},
{
  "model": "app.teamcyclistauction",
  "pk": 804,
  "fields": {
    "league_auction": 441,
    "cyclist": 486,
    "price": 52.0,
    "submitted_at": "2025-07-02T12:37:58.265Z",
    "status": "pending"
  }
},
{
  "model": "app.teamcyclistauction",
  "pk": 805,
  "fields": {
    "league_auction": 441,
    "cyclist": 680,
    "price": 31.0,
    "submitted_at": "2025-07-02T12:37:58.410Z",
    "status": "pending"
  }
},
{
  "model": "app.teamcyclistauction",
  "pk": 806,
  "fields": {
    "league_auction": 441,
    "cyclist": 682,
    "price": 18.0,
    "submitted_at": "2025-07-02T12:37:58.555Z",
    "status": "pending"
  }
},
{
  "model": "app.teamcyclistauction",
  "pk": 807,
  "fields": {
    "league_auction": 441,
    "cyclist": 756,
    "price": 25.0,
    "submitted_at": "2025-07-02T12:37:58.700Z",
    "status": "pending"
  }
},
{
  "model": "app.teamcyclistauction",
  "pk": 808,
  "fields": {
    "league_auction": 441,
    "cyclist": 521,
    "price": 9.0,
    "submitted_at": "2025-07-02T12:37:58.845Z",
    "status": "pending"
  }
},
{
  "model": "app.teamcyclistauction",
  "pk": 809,
  "fields": {
    "league_auction": 441,
    "cyclist": 619,
    "price": 5.0,
    "submitted_at": "2025-07-02T12:37:58.990Z",
    "status": "pending"
  }
},
{
  "model": "app.teamcyclistauction",
  "pk": 810,
  "fields": {
    "league_auction": 441,
    "cyclist": 583,
    "price": 2.0,
    "submitted_at": "2025-07-02T12:37:59.135Z",
    "status": "pending"
  }
},
{
  "model": "app.teamcyclistauction",
  "pk": 811,
  "fields": {
    "league_auction": 442,
    "cyclist": 486,
    "price": 80.0,
    "submitted_at": "2025-07-02T13:01:35.472Z",
    "status": "pending"
  }
},
{
  "model": "app.teamcyclistauction",
  "pk": 812,
  "fields": {
    "league_auction": 442,
    "cyclist": 738,
    "price": 260.0,
    "submitted_at": "2025-07-02T13:01:35.618Z",
    "status": "pending"
  }
},
{
  "model": "app.teamcyclistauction",
  "pk": 813,
  "fields": {
    "league_auction": 442,
    "cyclist": 605,
    "price": 70.0,
    "submitted_at": "2025-07-02T13:01:35.762Z",
    "status": "pending"
  }
},
{
  "model": "app.teamcyclistauction",
  "pk": 814,
  "fields": {
    "league_auction": 442,
    "cyclist": 596,
    "price": 12.0,
    "submitted_at": "2025-07-02T13:01:35.906Z",
    "status": "pending"
  }
},
{
  "model": "app.teamcyclistauction",
  "pk": 815,
  "fields": {
    "league_auction": 442,
    "cyclist": 702,
    "price": 14.0,
    "submitted_at": "2025-07-02T13:01:36.050Z",
    "status": "pending"
  }
},
{
  "model": "app.teamcyclistauction",
  "pk": 816,
  "fields": {
    "league_auction": 442,
    "cyclist": 737,
    "price": 11.0,
    "submitted_at": "2025-07-02T13:01:36.208Z",
    "status": "pending"
  }
},
{
  "model": "app.teamcyclistauction",
  "pk": 817,
  "fields": {
    "league_auction": 442,
    "cyclist": 768,
    "price": 8.0,
    "submitted_at": "2025-07-02T13:01:36.353Z",
    "status": "pending"
  }
},
{
  "model": "app.teamcyclistauction",
  "pk": 818,
  "fields": {
    "league_auction": 442,
    "cyclist": 771,
    "price": 15.0,
    "submitted_at": "2025-07-02T13:01:36.560Z",
    "status": "pending"
  }
},
{
  "model": "app.teamcyclistauction",
  "pk": 819,
  "fields": {
    "league_auction": 442,
    "cyclist": 779,
    "price": 6.0,
    "submitted_at": "2025-07-02T13:01:36.704Z",
    "status": "pending"
  }
},
{
  "model": "app.teamcyclistauction",
  "pk": 820,
  "fields": {
    "league_auction": 442,
    "cyclist": 561,
    "price": 7.0,
    "submitted_at": "2025-07-02T13:01:36.848Z",
    "status": "pending"
  }
},
{
  "model": "app.teamcyclistauction",
  "pk": 821,
  "fields": {
    "league_auction": 442,
    "cyclist": 710,
    "price": 7.0,
    "submitted_at": "2025-07-02T13:01:36.991Z",
    "status": "pending"
  }
},
{
  "model": "app.teamcyclistauction",
  "pk": 822,
  "fields": {
    "league_auction": 442,
    "cyclist": 598,
    "price": 10.0,
    "submitted_at": "2025-07-02T13:01:37.135Z",
    "status": "pending"
  }
},
{
  "model": "app.teamcyclistauction",
  "pk": 823,
  "fields": {
    "league_auction": 443,
    "cyclist": 712,
    "price": 193.0,
    "submitted_at": "2025-07-02T14:27:49.286Z",
    "status": "pending"
  }
},
{
  "model": "app.teamcyclistauction",
  "pk": 824,
  "fields": {
    "league_auction": 443,
    "cyclist": 738,
    "price": 193.0,
    "submitted_at": "2025-07-02T14:27:49.432Z",
    "status": "pending"
  }
},
{
  "model": "app.teamcyclistauction",
  "pk": 825,
  "fields": {
    "league_auction": 443,
    "cyclist": 605,
    "price": 90.0,
    "submitted_at": "2025-07-02T14:27:49.577Z",
    "status": "pending"
  }
},
{
  "model": "app.teamcyclistauction",
  "pk": 826,
  "fields": {
    "league_auction": 443,
    "cyclist": 583,
    "price": 2.0,
    "submitted_at": "2025-07-02T14:27:49.723Z",
    "status": "pending"
  }
},
{
  "model": "app.teamcyclistauction",
  "pk": 827,
  "fields": {
    "league_auction": 443,
    "cyclist": 659,
    "price": 2.0,
    "submitted_at": "2025-07-02T14:27:49.868Z",
    "status": "pending"
  }
},
{
  "model": "app.teamcyclistauction",
  "pk": 828,
  "fields": {
    "league_auction": 443,
    "cyclist": 794,
    "price": 2.0,
    "submitted_at": "2025-07-02T14:27:50.013Z",
    "status": "pending"
  }
},
{
  "model": "app.teamcyclistauction",
  "pk": 829,
  "fields": {
    "league_auction": 443,
    "cyclist": 630,
    "price": 3.0,
    "submitted_at": "2025-07-02T14:27:50.158Z",
    "status": "pending"
  }
},
{
  "model": "app.teamcyclistauction",
  "pk": 830,
  "fields": {
    "league_auction": 443,
    "cyclist": 675,
    "price": 3.0,
    "submitted_at": "2025-07-02T14:27:50.303Z",
    "status": "pending"
  }
},
{
  "model": "app.teamcyclistauction",
  "pk": 831,
  "fields": {
    "league_auction": 443,
    "cyclist": 677,
    "price": 3.0,
    "submitted_at": "2025-07-02T14:27:50.448Z",
    "status": "pending"
  }
},
{
  "model": "app.teamcyclistauction",
  "pk": 832,
  "fields": {
    "league_auction": 443,
    "cyclist": 791,
    "price": 3.0,
    "submitted_at": "2025-07-02T14:27:50.593Z",
    "status": "pending"
  }
},
{
  "model": "app.teamcyclistauction",
  "pk": 833,
  "fields": {
    "league_auction": 443,
    "cyclist": 803,
    "price": 3.0,
    "submitted_at": "2025-07-02T14:27:50.737Z",
    "status": "pending"
  }
},
{
  "model": "app.teamcyclistauction",
  "pk": 834,
  "fields": {
    "league_auction": 443,
    "cyclist": 807,
    "price": 3.0,
    "submitted_at": "2025-07-02T14:27:50.882Z",
    "status": "pending"
  }
},
{
  "model": "app.team",
  "pk": 80,
  "fields": {
    "player": [
      "player1"
    ],
    "league": 21,
    "created_at": "2025-06-26T09:18:48.971Z",
    "updated_at": "2025-06-26T09:18:48.971Z"
  }
},
{
  "model": "app.team",
  "pk": 81,
  "fields": {
    "player": [
      "player2"
    ],
    "league": 21,
    "created_at": "2025-06-26T09:18:48.988Z",
    "updated_at": "2025-06-26T09:18:48.988Z"
  }
},
{
  "model": "app.team",
  "pk": 82,
  "fields": {
    "player": [
      "player3"
    ],
    "league": 21,
    "created_at": "2025-06-26T09:18:49.005Z",
    "updated_at": "2025-06-26T09:18:49.005Z"
  }
},
{
  "model": "app.team",
  "pk": 83,
  "fields": {
    "player": [
      "player4"
    ],
    "league": 21,
    "created_at": "2025-06-26T09:18:49.021Z",
    "updated_at": "2025-06-26T09:18:49.021Z"
  }
},
{
  "model": "app.team",
  "pk": 84,
  "fields": {
    "player": [
      "player5"
    ],
    "league": 21,
    "created_at": "2025-06-26T09:18:49.037Z",
    "updated_at": "2025-06-26T09:18:49.037Z"
  }
},
{
  "model": "app.team",
  "pk": 85,
  "fields": {
    "player": [
      "admin"
    ],
    "league": 21,
    "created_at": "2025-06-26T09:18:49.096Z",
    "updated_at": "2025-06-26T09:18:49.096Z"
  }
},
{
  "model": "app.team",
  "pk": 86,
  "fields": {
    "player": [
      "admin"
    ],
    "league": 22,
    "created_at": "2025-06-27T16:50:52.027Z",
    "updated_at": "2025-06-27T16:50:52.027Z"
  }
},
{
  "model": "app.team",
  "pk": 87,
  "fields": {
    "player": [
      "MazzinhoProCycling"
    ],
    "league": 23,
    "created_at": "2025-06-27T16:51:43.441Z",
    "updated_at": "2025-06-27T16:51:43.441Z"
  }
},
{
  "model": "app.team",
  "pk": 88,
  "fields": {
    "player": [
      "TeamDeVince"
    ],
    "league": 23,
    "created_at": "2025-06-27T16:54:26.896Z",
    "updated_at": "2025-06-27T16:54:26.896Z"
  }
},
{
  "model": "app.team",
  "pk": 89,
  "fields": {
    "player": [
      "MazzinhoProCycling"
    ],
    "league": 24,
    "created_at": "2025-06-27T17:18:16.713Z",
    "updated_at": "2025-06-27T17:18:16.713Z"
  }
},
{
  "model": "app.team",
  "pk": 90,
  "fields": {
    "player": [
      "Fourmimen"
    ],
    "league": 24,
    "created_at": "2025-06-28T08:36:09.363Z",
    "updated_at": "2025-06-28T08:36:09.363Z"
  }
},
{
  "model": "app.team",
  "pk": 91,
  "fields": {
    "player": [
      "LaRoueVaTourner"
    ],
    "league": 24,
    "created_at": "2025-06-28T13:38:18.117Z",
    "updated_at": "2025-06-28T13:38:18.117Z"
  }
},
{
  "model": "app.team",
  "pk": 92,
  "fields": {
    "player": [
      "lesfoufous"
    ],
    "league": 24,
    "created_at": "2025-06-28T14:51:07.143Z",
    "updated_at": "2025-06-28T14:51:07.143Z"
  }
},
{
  "model": "app.team",
  "pk": 93,
  "fields": {
    "player": [
      "Ousmaneballondor"
    ],
    "league": 24,
    "created_at": "2025-06-30T07:44:44.874Z",
    "updated_at": "2025-06-30T07:44:44.874Z"
  }
},
{
  "model": "app.team",
  "pk": 94,
  "fields": {
    "player": [
      "MazzinhoProCycling"
    ],
    "league": 25,
    "created_at": "2025-06-30T09:20:52.793Z",
    "updated_at": "2025-06-30T09:20:52.793Z"
  }
},
{
  "model": "app.team",
  "pk": 95,
  "fields": {
    "player": [
      "alatraine"
    ],
    "league": 25,
    "created_at": "2025-06-30T09:38:50.378Z",
    "updated_at": "2025-06-30T09:38:50.378Z"
  }
},
{
  "model": "app.team",
  "pk": 96,
  "fields": {
    "player": [
      "pat0vél0"
    ],
    "league": 25,
    "created_at": "2025-06-30T09:44:54.830Z",
    "updated_at": "2025-06-30T09:44:54.830Z"
  }
},
{
  "model": "app.team",
  "pk": 97,
  "fields": {
    "player": [
      "TeamDeVince"
    ],
    "league": 26,
    "created_at": "2025-06-30T16:02:20.302Z",
    "updated_at": "2025-06-30T16:02:20.302Z"
  }
},
{
  "model": "app.team",
  "pk": 98,
  "fields": {
    "player": [
      "admin"
    ],
    "league": 26,
    "created_at": "2025-06-30T16:03:32.656Z",
    "updated_at": "2025-06-30T16:03:32.656Z"
  }
},
{
  "model": "app.team",
  "pk": 99,
  "fields": {
    "player": [
      "Banesto"
    ],
    "league": 25,
    "created_at": "2025-07-01T06:28:26.692Z",
    "updated_at": "2025-07-01T06:28:26.692Z"
  }
},
{
  "model": "app.team",
  "pk": 100,
  "fields": {
    "player": [
      "MazzinhoProCycling"
    ],
    "league": 27,
    "created_at": "2025-07-01T06:43:58.317Z",
    "updated_at": "2025-07-01T06:43:58.317Z"
  }
},
{
  "model": "app.team",
  "pk": 101,
  "fields": {
    "player": [
      "lesfoufous"
    ],
    "league": 27,
    "created_at": "2025-07-01T06:48:30.036Z",
    "updated_at": "2025-07-01T06:48:30.036Z"
  }
},
{
  "model": "app.team",
  "pk": 102,
  "fields": {
    "player": [
      "LaRoueVaTourner"
    ],
    "league": 27,
    "created_at": "2025-07-01T06:51:42.010Z",
    "updated_at": "2025-07-01T06:51:42.010Z"
  }
},
{
  "model": "app.team",
  "pk": 103,
  "fields": {
    "player": [
      "Ousmaneballondor"
    ],
    "league": 27,
    "created_at": "2025-07-01T07:00:37.095Z",
    "updated_at": "2025-07-01T07:00:37.095Z"
  }
},
{
  "model": "app.team",
  "pk": 104,
  "fields": {
    "player": [
      "Fourmimen"
    ],
    "league": 27,
    "created_at": "2025-07-01T07:35:15.004Z",
    "updated_at": "2025-07-01T07:35:15.004Z"
  }
},
{
  "model": "app.team",
  "pk": 105,
  "fields": {
    "player": [
      "TeamDeVince"
    ],
    "league": 27,
    "created_at": "2025-07-01T08:16:04.165Z",
    "updated_at": "2025-07-01T08:16:04.165Z"
  }
},
{
  "model": "app.team",
  "pk": 106,
  "fields": {
    "player": [
      "BboxByTel"
    ],
    "league": 25,
    "created_at": "2025-07-01T09:40:39.368Z",
    "updated_at": "2025-07-01T09:40:39.368Z"
  }
},
{
  "model": "app.team",
  "pk": 107,
  "fields": {
    "player": [
      "Borislav"
    ],
    "league": 25,
    "created_at": "2025-07-01T09:51:44.180Z",
    "updated_at": "2025-07-01T09:51:44.180Z"
  }
},
{
  "model": "app.team",
  "pk": 108,
  "fields": {
    "player": [
      "alex"
    ],
    "league": 25,
    "created_at": "2025-07-01T10:22:40.153Z",
    "updated_at": "2025-07-01T10:22:40.153Z"
  }
},
{
  "model": "app.team",
  "pk": 109,
  "fields": {
    "player": [
      "SuperTeam"
    ],
    "league": 27,
    "created_at": "2025-07-01T11:36:15.505Z",
    "updated_at": "2025-07-01T11:36:15.505Z"
  }
},
{
  "model": "app.team",
  "pk": 110,
  "fields": {
    "player": [
      "Lottovizzavona"
    ],
    "league": 27,
    "created_at": "2025-07-01T16:23:17.679Z",
    "updated_at": "2025-07-01T16:23:17.679Z"
  }
},
{
  "model": "app.team",
  "pk": 111,
  "fields": {
    "player": [
      "Pogabus"
    ],
    "league": 27,
    "created_at": "2025-07-01T16:43:29.523Z",
    "updated_at": "2025-07-01T16:43:29.523Z"
  }
},
{
  "model": "app.team",
  "pk": 112,
  "fields": {
    "player": [
      "TeamDeVince"
    ],
    "league": 28,
    "created_at": "2025-07-02T11:09:11.750Z",
    "updated_at": "2025-07-02T11:09:11.750Z"
  }
},
{
  "model": "app.team",
  "pk": 113,
  "fields": {
    "player": [
      "MaxVerstappen"
    ],
    "league": 28,
    "created_at": "2025-07-02T11:12:15.191Z",
    "updated_at": "2025-07-02T11:12:15.191Z"
  }
},
{
  "model": "app.team",
  "pk": 114,
  "fields": {
    "player": [
      "LeCyclix"
    ],
    "league": 28,
    "created_at": "2025-07-02T11:12:28.866Z",
    "updated_at": "2025-07-02T11:12:28.866Z"
  }
},
{
  "model": "app.team",
  "pk": 115,
  "fields": {
    "player": [
      "Hyrox4ever"
    ],
    "league": 28,
    "created_at": "2025-07-02T12:07:11.989Z",
    "updated_at": "2025-07-02T12:07:11.989Z"
  }
},
{
  "model": "app.leagueround",
  "pk": 131,
  "fields": {
    "competition": 15,
    "league": 21,
    "round_number": 1,
    "is_active": false,
    "created_at": "2025-06-26T09:18:48.955Z",
    "ended_at": "2025-06-26T09:18:54.923Z"
  }
},
{
  "model": "app.leagueround",
  "pk": 132,
  "fields": {
    "competition": 15,
    "league": 21,
    "round_number": 2,
    "is_active": false,
    "created_at": "2025-06-26T09:18:54.973Z",
    "ended_at": "2025-06-26T09:18:58.107Z"
  }
},
{
  "model": "app.leagueround",
  "pk": 133,
  "fields": {
    "competition": 15,
    "league": 21,
    "round_number": 3,
    "is_active": false,
    "created_at": "2025-06-26T09:18:58.156Z",
    "ended_at": "2025-06-26T09:19:00.321Z"
  }
},
{
  "model": "app.leagueround",
  "pk": 134,
  "fields": {
    "competition": 15,
    "league": 21,
    "round_number": 4,
    "is_active": false,
    "created_at": "2025-06-26T09:19:00.372Z",
    "ended_at": "2025-06-26T09:19:01.142Z"
  }
},
{
  "model": "app.leagueround",
  "pk": 135,
  "fields": {
    "competition": 15,
    "league": 21,
    "round_number": 5,
    "is_active": false,
    "created_at": "2025-06-26T09:19:01.192Z",
    "ended_at": "2025-06-26T09:19:05.830Z"
  }
},
{
  "model": "app.leagueround",
  "pk": 136,
  "fields": {
    "competition": 15,
    "league": 21,
    "round_number": 6,
    "is_active": true,
    "created_at": "2025-06-26T09:19:05.882Z",
    "ended_at": null
  }
},
{
  "model": "app.leagueround",
  "pk": 137,
  "fields": {
    "competition": 16,
    "league": 22,
    "round_number": 1,
    "is_active": true,
    "created_at": "2025-06-27T16:50:51.989Z",
    "ended_at": null
  }
},
{
  "model": "app.leagueround",
  "pk": 138,
  "fields": {
    "competition": 16,
    "league": 23,
    "round_number": 1,
    "is_active": false,
    "created_at": "2025-06-27T16:51:43.297Z",
    "ended_at": "2025-06-27T17:00:40.285Z"
  }
},
{
  "model": "app.leagueround",
  "pk": 139,
  "fields": {
    "competition": 16,
    "league": 23,
    "round_number": 2,
    "is_active": false,
    "created_at": "2025-06-27T17:00:40.710Z",
    "ended_at": "2025-06-27T17:04:02.183Z"
  }
},
{
  "model": "app.leagueround",
  "pk": 140,
  "fields": {
    "competition": 16,
    "league": 23,
    "round_number": 3,
    "is_active": true,
    "created_at": "2025-06-27T17:04:02.686Z",
    "ended_at": null
  }
},
{
  "model": "app.leagueround",
  "pk": 141,
  "fields": {
    "competition": 16,
    "league": 24,
    "round_number": 1,
    "is_active": false,
    "created_at": "2025-06-27T17:18:16.568Z",
    "ended_at": "2025-06-28T17:12:31.890Z"
  }
},
{
  "model": "app.leagueround",
  "pk": 142,
  "fields": {
    "competition": 16,
    "league": 24,
    "round_number": 2,
    "is_active": false,
    "created_at": "2025-06-28T17:12:32.319Z",
    "ended_at": "2025-06-29T12:15:29.576Z"
  }
},
{
  "model": "app.leagueround",
  "pk": 143,
  "fields": {
    "competition": 16,
    "league": 24,
    "round_number": 3,
    "is_active": true,
    "created_at": "2025-06-29T12:15:30.005Z",
    "ended_at": null
  }
},
{
  "model": "app.leagueround",
  "pk": 144,
  "fields": {
    "competition": 16,
    "league": 25,
    "round_number": 1,
    "is_active": true,
    "created_at": "2025-06-30T09:20:52.650Z",
    "ended_at": null
  }
},
{
  "model": "app.leagueround",
  "pk": 145,
  "fields": {
    "competition": 16,
    "league": 26,
    "round_number": 1,
    "is_active": false,
    "created_at": "2025-06-30T16:02:20.285Z",
    "ended_at": "2025-06-30T16:04:39.856Z"
  }
},
{
  "model": "app.leagueround",
  "pk": 146,
  "fields": {
    "competition": 16,
    "league": 26,
    "round_number": 2,
    "is_active": false,
    "created_at": "2025-06-30T16:04:39.905Z",
    "ended_at": "2025-06-30T16:06:05.059Z"
  }
},
{
  "model": "app.leagueround",
  "pk": 147,
  "fields": {
    "competition": 16,
    "league": 26,
    "round_number": 3,
    "is_active": true,
    "created_at": "2025-06-30T16:06:05.110Z",
    "ended_at": null
  }
},
{
  "model": "app.leagueround",
  "pk": 148,
  "fields": {
    "competition": 16,
    "league": 27,
    "round_number": 1,
    "is_active": true,
    "created_at": "2025-07-01T06:43:58.167Z",
    "ended_at": null
  }
},
{
  "model": "app.leagueround",
  "pk": 149,
  "fields": {
    "competition": 16,
    "league": 28,
    "round_number": 1,
    "is_active": true,
    "created_at": "2025-07-02T11:09:11.588Z",
    "ended_at": null
  }
},
{
  "model": "app.stage",
  "pk": 253,
  "fields": {
    "name": "Stage 1: From A to B",
    "date": "2025-06-26",
    "competition": 15
  }
},
{
  "model": "app.stage",
  "pk": 254,
  "fields": {
    "name": "Stage 2: From A to B",
    "date": "2025-06-27",
    "competition": 15
  }
},
{
  "model": "app.stage",
  "pk": 255,
  "fields": {
    "name": "Stage 3: From A to B",
    "date": "2025-06-28",
    "competition": 15
  }
},
{
  "model": "app.stage",
  "pk": 256,
  "fields": {
    "name": "Stage 4: From A to B",
    "date": "2025-06-29",
    "competition": 15
  }
},
{
  "model": "app.stage",
  "pk": 257,
  "fields": {
    "name": "Stage 5: From A to B",
    "date": "2025-06-30",
    "competition": 15
  }
},
{
  "model": "app.stage",
  "pk": 258,
  "fields": {
    "name": "Stage 6: From A to B",
    "date": "2025-07-01",
    "competition": 15
  }
},
{
  "model": "app.stage",
  "pk": 259,
  "fields": {
    "name": "Stage 7: From A to B",
    "date": "2025-07-02",
    "competition": 15
  }
},
{
  "model": "app.stage",
  "pk": 260,
  "fields": {
    "name": "Stage 8: From A to B",
    "date": "2025-07-03",
    "competition": 15
  }
},
{
  "model": "app.stage",
  "pk": 261,
  "fields": {
    "name": "Stage 9: From A to B",
    "date": "2025-07-04",
    "competition": 15
  }
},
{
  "model": "app.stage",
  "pk": 262,
  "fields": {
    "name": "Stage 10: From A to B",
    "date": "2025-07-05",
    "competition": 15
  }
},
{
  "model": "app.stage",
  "pk": 263,
  "fields": {
    "name": "Stage 11: From A to B",
    "date": "2025-07-06",
    "competition": 15
  }
},
{
  "model": "app.stage",
  "pk": 264,
  "fields": {
    "name": "Stage 12: From A to B",
    "date": "2025-07-07",
    "competition": 15
  }
},
{
  "model": "app.stage",
  "pk": 265,
  "fields": {
    "name": "Stage 13: From A to B",
    "date": "2025-07-08",
    "competition": 15
  }
},
{
  "model": "app.stage",
  "pk": 266,
  "fields": {
    "name": "Stage 14: From A to B",
    "date": "2025-07-09",
    "competition": 15
  }
},
{
  "model": "app.stage",
  "pk": 267,
  "fields": {
    "name": "Stage 15: From A to B",
    "date": "2025-07-10",
    "competition": 15
  }
},
{
  "model": "app.stage",
  "pk": 268,
  "fields": {
    "name": "Stage 16: From A to B",
    "date": "2025-07-11",
    "competition": 15
  }
},
{
  "model": "app.stage",
  "pk": 269,
  "fields": {
    "name": "Stage 17: From A to B",
    "date": "2025-07-12",
    "competition": 15
  }
},
{
  "model": "app.stage",
  "pk": 270,
  "fields": {
    "name": "Stage 18: From A to B",
    "date": "2025-07-13",
    "competition": 15
  }
},
{
  "model": "app.stage",
  "pk": 271,
  "fields": {
    "name": "Stage 19: From A to B",
    "date": "2025-07-14",
    "competition": 15
  }
},
{
  "model": "app.stage",
  "pk": 272,
  "fields": {
    "name": "Stage 20: From A to B",
    "date": "2025-07-15",
    "competition": 15
  }
},
{
  "model": "app.stage",
  "pk": 273,
  "fields": {
    "name": "Stage 21: From A to B",
    "date": "2025-07-16",
    "competition": 15
  }
},
{
  "model": "app.stage",
  "pk": 274,
  "fields": {
    "name": "Lille Métropole - Lille Métropole",
    "date": "2025-06-29",
    "competition": 16
  }
},
{
  "model": "app.stage",
  "pk": 275,
  "fields": {
    "name": "Lauwin-Planque - Boulogne-sur-Mer",
    "date": "2025-06-30",
    "competition": 16
  }
},
{
  "model": "app.stage",
  "pk": 276,
  "fields": {
    "name": "Valenciennes - Dunkerque",
    "date": "2025-07-01",
    "competition": 16
  }
},
{
  "model": "app.stage",
  "pk": 277,
  "fields": {
    "name": "FIN",
    "date": "2025-07-02",
    "competition": 16
  }
},
{
  "model": "app.bonusconfig",
  "pk": 1,
  "fields": {
    "competition": 15,
    "name": "LeaderBoost",
    "max_per_player": 2
  }
},
{
  "model": "app.bonusconfig",
  "pk": 2,
  "fields": {
    "competition": 15,
    "name": "Combatif",
    "max_per_player": 1
  }
},
{
  "model": "app.bonusconfig",
  "pk": 3,
  "fields": {
    "competition": 15,
    "name": "Echappé",
    "max_per_player": 2
  }
},
{
  "model": "app.bonusconfig",
  "pk": 4,
  "fields": {
    "competition": 15,
    "name": "Froome Froome",
    "max_per_player": 1
  }
},
{
  "model": "app.bonusconfig",
  "pk": 5,
  "fields": {
    "competition": 15,
    "name": "Tonton Virenque",
    "max_per_player": 1
  }
},
{
  "model": "app.bonusconfig",
  "pk": 6,
  "fields": {
    "competition": 15,
    "name": "Chute à l'arrière du peloton !!!",
    "max_per_player": 1
  }
},
{
  "model": "app.role",
  "pk": 1,
  "fields": {
    "name": "Leader",
    "label": "Leader",
    "order": 0
  }
},
{
  "model": "app.role",
  "pk": 2,
  "fields": {
    "name": "Sprinteur",
    "label": "Sprinteur",
    "order": 3
  }
},
{
  "model": "app.role",
  "pk": 3,
  "fields": {
    "name": "Grimpeur",
    "label": "Grimpeur",
    "order": 4
  }
},
{
  "model": "app.role",
  "pk": 4,
  "fields": {
    "name": "demi-leader-demi-portion de points",
    "label": "Co-leader",
    "order": 2
  }
},
{
  "model": "app.role",
  "pk": 5,
  "fields": {
    "name": "Tout pour l'étape, rien pour le reste",
    "label": "Chasseur d'étape",
    "order": 5
  }
},
{
  "model": "app.stageselection",
  "pk": 1,
  "fields": {
    "team": 85,
    "stage": 253,
    "submitted_at": "2025-06-26T09:42:07.035Z",
    "validated": false
  }
},
{
  "model": "app.stageselection",
  "pk": 2,
  "fields": {
    "team": 85,
    "stage": 254,
    "submitted_at": "2025-06-26T09:42:20.248Z",
    "validated": false
  }
},
{
  "model": "app.stageselection",
  "pk": 3,
  "fields": {
    "team": 85,
    "stage": 255,
    "submitted_at": "2025-06-26T09:42:31.935Z",
    "validated": false
  }
},
{
  "model": "app.stageselection",
  "pk": 4,
  "fields": {
    "team": 85,
    "stage": 253,
    "submitted_at": "2025-06-26T10:03:16.339Z",
    "validated": false
  }
},
{
  "model": "app.stageselection",
  "pk": 5,
  "fields": {
    "team": 85,
    "stage": 254,
    "submitted_at": "2025-06-26T10:03:22.534Z",
    "validated": false
  }
},
{
  "model": "app.stageselection",
  "pk": 6,
  "fields": {
    "team": 85,
    "stage": 253,
    "submitted_at": "2025-06-26T10:03:50.063Z",
    "validated": false
  }
},
{
  "model": "app.stageselection",
  "pk": 7,
  "fields": {
    "team": 85,
    "stage": 253,
    "submitted_at": "2025-06-26T10:10:30.396Z",
    "validated": false
  }
},
{
  "model": "app.stageselection",
  "pk": 8,
  "fields": {
    "team": 85,
    "stage": 254,
    "submitted_at": "2025-06-26T10:10:49.554Z",
    "validated": false
  }
},
{
  "model": "app.stageselection",
  "pk": 9,
  "fields": {
    "team": 85,
    "stage": 254,
    "submitted_at": "2025-06-26T10:10:58.083Z",
    "validated": false
  }
},
{
  "model": "app.stageselection",
  "pk": 10,
  "fields": {
    "team": 85,
    "stage": 253,
    "submitted_at": "2025-06-26T10:32:58.741Z",
    "validated": true
  }
},
{
  "model": "app.stageselection",
  "pk": 11,
  "fields": {
    "team": 85,
    "stage": 254,
    "submitted_at": "2025-06-26T11:58:11.684Z",
    "validated": false
  }
},
{
  "model": "app.stageselection",
  "pk": 12,
  "fields": {
    "team": 85,
    "stage": 254,
    "submitted_at": "2025-06-26T11:58:28.737Z",
    "validated": false
  }
},
{
  "model": "app.stageselection",
  "pk": 13,
  "fields": {
    "team": 85,
    "stage": 254,
    "submitted_at": "2025-06-26T12:02:43.282Z",
    "validated": false
  }
},
{
  "model": "app.stageselection",
  "pk": 14,
  "fields": {
    "team": 85,
    "stage": 254,
    "submitted_at": "2025-06-26T12:16:41.381Z",
    "validated": false
  }
},
{
  "model": "app.stageselection",
  "pk": 15,
  "fields": {
    "team": 85,
    "stage": 254,
    "submitted_at": "2025-06-26T12:19:58.525Z",
    "validated": false
  }
},
{
  "model": "app.stageselection",
  "pk": 16,
  "fields": {
    "team": 85,
    "stage": 254,
    "submitted_at": "2025-06-26T12:22:31.539Z",
    "validated": false
  }
},
{
  "model": "app.stageselection",
  "pk": 17,
  "fields": {
    "team": 85,
    "stage": 254,
    "submitted_at": "2025-06-26T12:23:34.760Z",
    "validated": false
  }
},
{
  "model": "app.stageselection",
  "pk": 18,
  "fields": {
    "team": 85,
    "stage": 254,
    "submitted_at": "2025-06-26T12:27:15.265Z",
    "validated": false
  }
},
{
  "model": "app.stageselection",
  "pk": 19,
  "fields": {
    "team": 85,
    "stage": 254,
    "submitted_at": "2025-06-26T13:41:15.602Z",
    "validated": false
  }
},
{
  "model": "app.stageselection",
  "pk": 20,
  "fields": {
    "team": 85,
    "stage": 254,
    "submitted_at": "2025-06-26T13:54:21.089Z",
    "validated": false
  }
},
{
  "model": "app.stageselection",
  "pk": 21,
  "fields": {
    "team": 85,
    "stage": 254,
    "submitted_at": "2025-06-26T13:56:09.314Z",
    "validated": false
  }
},
{
  "model": "app.stageselection",
  "pk": 22,
  "fields": {
    "team": 85,
    "stage": 254,
    "submitted_at": "2025-06-26T14:42:34.783Z",
    "validated": false
  }
},
{
  "model": "app.stageselection",
  "pk": 23,
  "fields": {
    "team": 85,
    "stage": 254,
    "submitted_at": "2025-06-26T14:44:58.684Z",
    "validated": false
  }
},
{
  "model": "app.stageselection",
  "pk": 24,
  "fields": {
    "team": 85,
    "stage": 254,
    "submitted_at": "2025-06-26T14:57:48.172Z",
    "validated": false
  }
},
{
  "model": "app.stageselection",
  "pk": 25,
  "fields": {
    "team": 85,
    "stage": 254,
    "submitted_at": "2025-06-26T14:58:39.850Z",
    "validated": false
  }
},
{
  "model": "app.stageselection",
  "pk": 26,
  "fields": {
    "team": 85,
    "stage": 254,
    "submitted_at": "2025-06-26T15:00:20.654Z",
    "validated": false
  }
},
{
  "model": "app.stageselection",
  "pk": 27,
  "fields": {
    "team": 85,
    "stage": 254,
    "submitted_at": "2025-06-26T15:00:28.087Z",
    "validated": false
  }
},
{
  "model": "app.stageselection",
  "pk": 28,
  "fields": {
    "team": 85,
    "stage": 254,
    "submitted_at": "2025-06-26T15:00:32.413Z",
    "validated": false
  }
},
{
  "model": "app.stageselection",
  "pk": 29,
  "fields": {
    "team": 85,
    "stage": 254,
    "submitted_at": "2025-06-26T15:00:43.454Z",
    "validated": false
  }
},
{
  "model": "app.stageselection",
  "pk": 30,
  "fields": {
    "team": 85,
    "stage": 254,
    "submitted_at": "2025-06-26T15:05:22.730Z",
    "validated": false
  }
},
{
  "model": "app.stageselection",
  "pk": 31,
  "fields": {
    "team": 85,
    "stage": 254,
    "submitted_at": "2025-06-26T15:05:26.690Z",
    "validated": false
  }
},
{
  "model": "app.stageselection",
  "pk": 32,
  "fields": {
    "team": 85,
    "stage": 254,
    "submitted_at": "2025-06-26T15:05:40.142Z",
    "validated": false
  }
},
{
  "model": "app.stageselection",
  "pk": 33,
  "fields": {
    "team": 85,
    "stage": 254,
    "submitted_at": "2025-06-26T15:05:43.184Z",
    "validated": false
  }
},
{
  "model": "app.stageselection",
  "pk": 34,
  "fields": {
    "team": 85,
    "stage": 254,
    "submitted_at": "2025-06-26T15:07:49.341Z",
    "validated": false
  }
},
{
  "model": "app.stageselection",
  "pk": 35,
  "fields": {
    "team": 85,
    "stage": 254,
    "submitted_at": "2025-06-26T15:08:01.208Z",
    "validated": false
  }
},
{
  "model": "app.stageselection",
  "pk": 36,
  "fields": {
    "team": 85,
    "stage": 254,
    "submitted_at": "2025-06-26T15:09:13.018Z",
    "validated": false
  }
},
{
  "model": "app.stageselection",
  "pk": 37,
  "fields": {
    "team": 85,
    "stage": 254,
    "submitted_at": "2025-06-26T15:09:29.221Z",
    "validated": false
  }
},
{
  "model": "app.stageselection",
  "pk": 38,
  "fields": {
    "team": 85,
    "stage": 254,
    "submitted_at": "2025-06-26T15:10:58.746Z",
    "validated": false
  }
},
{
  "model": "app.stageselection",
  "pk": 39,
  "fields": {
    "team": 85,
    "stage": 254,
    "submitted_at": "2025-06-26T15:11:02.534Z",
    "validated": false
  }
},
{
  "model": "app.stageselection",
  "pk": 40,
  "fields": {
    "team": 85,
    "stage": 254,
    "submitted_at": "2025-06-26T15:11:08.733Z",
    "validated": false
  }
},
{
  "model": "app.stageselection",
  "pk": 41,
  "fields": {
    "team": 85,
    "stage": 255,
    "submitted_at": "2025-06-26T15:12:33.281Z",
    "validated": false
  }
},
{
  "model": "app.stageselection",
  "pk": 42,
  "fields": {
    "team": 85,
    "stage": 254,
    "submitted_at": "2025-06-26T15:44:22.847Z",
    "validated": true
  }
},
{
  "model": "app.stageselection",
  "pk": 43,
  "fields": {
    "team": 85,
    "stage": 255,
    "submitted_at": "2025-06-27T15:51:58.593Z",
    "validated": false
  }
},
{
  "model": "app.stageselection",
  "pk": 44,
  "fields": {
    "team": 85,
    "stage": 255,
    "submitted_at": "2025-06-27T15:52:06.553Z",
    "validated": false
  }
},
{
  "model": "app.stageselection",
  "pk": 45,
  "fields": {
    "team": 85,
    "stage": 255,
    "submitted_at": "2025-06-27T15:52:13.662Z",
    "validated": true
  }
},
{
  "model": "app.stageselection",
  "pk": 46,
  "fields": {
    "team": 88,
    "stage": 274,
    "submitted_at": "2025-06-27T17:13:08.285Z",
    "validated": false
  }
},
{
  "model": "app.stageselection",
  "pk": 47,
  "fields": {
    "team": 87,
    "stage": 274,
    "submitted_at": "2025-06-27T17:13:28.311Z",
    "validated": true
  }
},
{
  "model": "app.stageselection",
  "pk": 48,
  "fields": {
    "team": 88,
    "stage": 274,
    "submitted_at": "2025-06-27T17:16:51.784Z",
    "validated": false
  }
},
{
  "model": "app.stageselection",
  "pk": 49,
  "fields": {
    "team": 88,
    "stage": 274,
    "submitted_at": "2025-06-27T17:20:00.808Z",
    "validated": false
  }
},
{
  "model": "app.stageselection",
  "pk": 50,
  "fields": {
    "team": 88,
    "stage": 274,
    "submitted_at": "2025-06-27T17:20:23.722Z",
    "validated": true
  }
},
{
  "model": "app.stageselection",
  "pk": 51,
  "fields": {
    "team": 89,
    "stage": 275,
    "submitted_at": "2025-06-29T13:16:54.399Z",
    "validated": true
  }
},
{
  "model": "app.stageselection",
  "pk": 52,
  "fields": {
    "team": 97,
    "stage": 277,
    "submitted_at": "2025-06-30T16:15:27.312Z",
    "validated": true
  }
},
{
  "model": "app.stageselection",
  "pk": 53,
  "fields": {
    "team": 89,
    "stage": 277,
    "submitted_at": "2025-07-01T16:24:25.697Z",
    "validated": true
  }
},
{
  "model": "app.stageselectionrider",
  "pk": 257,
  "fields": {
    "stage_selection": 46,
    "cyclist": 496,
    "role": 1
  }
},
{
  "model": "app.stageselectionrider",
  "pk": 258,
  "fields": {
    "stage_selection": 46,
    "cyclist": 497,
    "role": 2
  }
},
{
  "model": "app.stageselectionrider",
  "pk": 259,
  "fields": {
    "stage_selection": 46,
    "cyclist": 498,
    "role": 4
  }
},
{
  "model": "app.stageselectionrider",
  "pk": 260,
  "fields": {
    "stage_selection": 46,
    "cyclist": 501,
    "role": 5
  }
},
{
  "model": "app.stageselectionrider",
  "pk": 261,
  "fields": {
    "stage_selection": 46,
    "cyclist": 506,
    "role": 3
  }
},
{
  "model": "app.stageselectionrider",
  "pk": 262,
  "fields": {
    "stage_selection": 46,
    "cyclist": 492,
    "role": null
  }
},
{
  "model": "app.stageselectionrider",
  "pk": 263,
  "fields": {
    "stage_selection": 46,
    "cyclist": 500,
    "role": null
  }
},
{
  "model": "app.stageselectionrider",
  "pk": 264,
  "fields": {
    "stage_selection": 46,
    "cyclist": 503,
    "role": null
  }
},
{
  "model": "app.stageselectionrider",
  "pk": 265,
  "fields": {
    "stage_selection": 47,
    "cyclist": 485,
    "role": 2
  }
},
{
  "model": "app.stageselectionrider",
  "pk": 266,
  "fields": {
    "stage_selection": 47,
    "cyclist": 502,
    "role": 1
  }
},
{
  "model": "app.stageselectionrider",
  "pk": 267,
  "fields": {
    "stage_selection": 47,
    "cyclist": 512,
    "role": 5
  }
},
{
  "model": "app.stageselectionrider",
  "pk": 268,
  "fields": {
    "stage_selection": 47,
    "cyclist": 523,
    "role": 4
  }
},
{
  "model": "app.stageselectionrider",
  "pk": 269,
  "fields": {
    "stage_selection": 47,
    "cyclist": 530,
    "role": null
  }
},
{
  "model": "app.stageselectionrider",
  "pk": 270,
  "fields": {
    "stage_selection": 47,
    "cyclist": 567,
    "role": 3
  }
},
{
  "model": "app.stageselectionrider",
  "pk": 271,
  "fields": {
    "stage_selection": 47,
    "cyclist": 578,
    "role": null
  }
},
{
  "model": "app.stageselectionrider",
  "pk": 272,
  "fields": {
    "stage_selection": 47,
    "cyclist": 595,
    "role": null
  }
},
{
  "model": "app.stageselectionrider",
  "pk": 273,
  "fields": {
    "stage_selection": 48,
    "cyclist": 496,
    "role": 1
  }
},
{
  "model": "app.stageselectionrider",
  "pk": 274,
  "fields": {
    "stage_selection": 48,
    "cyclist": 497,
    "role": 2
  }
},
{
  "model": "app.stageselectionrider",
  "pk": 275,
  "fields": {
    "stage_selection": 48,
    "cyclist": 498,
    "role": 4
  }
},
{
  "model": "app.stageselectionrider",
  "pk": 276,
  "fields": {
    "stage_selection": 48,
    "cyclist": 501,
    "role": 5
  }
},
{
  "model": "app.stageselectionrider",
  "pk": 277,
  "fields": {
    "stage_selection": 48,
    "cyclist": 506,
    "role": 3
  }
},
{
  "model": "app.stageselectionrider",
  "pk": 278,
  "fields": {
    "stage_selection": 48,
    "cyclist": 492,
    "role": null
  }
},
{
  "model": "app.stageselectionrider",
  "pk": 279,
  "fields": {
    "stage_selection": 48,
    "cyclist": 500,
    "role": null
  }
},
{
  "model": "app.stageselectionrider",
  "pk": 280,
  "fields": {
    "stage_selection": 48,
    "cyclist": 503,
    "role": null
  }
},
{
  "model": "app.stageselectionrider",
  "pk": 281,
  "fields": {
    "stage_selection": 49,
    "cyclist": 496,
    "role": null
  }
},
{
  "model": "app.stageselectionrider",
  "pk": 282,
  "fields": {
    "stage_selection": 49,
    "cyclist": 497,
    "role": 2
  }
},
{
  "model": "app.stageselectionrider",
  "pk": 283,
  "fields": {
    "stage_selection": 49,
    "cyclist": 498,
    "role": 4
  }
},
{
  "model": "app.stageselectionrider",
  "pk": 284,
  "fields": {
    "stage_selection": 49,
    "cyclist": 501,
    "role": 5
  }
},
{
  "model": "app.stageselectionrider",
  "pk": 285,
  "fields": {
    "stage_selection": 49,
    "cyclist": 506,
    "role": 3
  }
},
{
  "model": "app.stageselectionrider",
  "pk": 286,
  "fields": {
    "stage_selection": 49,
    "cyclist": 492,
    "role": 1
  }
},
{
  "model": "app.stageselectionrider",
  "pk": 287,
  "fields": {
    "stage_selection": 49,
    "cyclist": 500,
    "role": null
  }
},
{
  "model": "app.stageselectionrider",
  "pk": 288,
  "fields": {
    "stage_selection": 49,
    "cyclist": 503,
    "role": null
  }
},
{
  "model": "app.stageselectionrider",
  "pk": 289,
  "fields": {
    "stage_selection": 50,
    "cyclist": 496,
    "role": null
  }
},
{
  "model": "app.stageselectionrider",
  "pk": 290,
  "fields": {
    "stage_selection": 50,
    "cyclist": 497,
    "role": null
  }
},
{
  "model": "app.stageselectionrider",
  "pk": 291,
  "fields": {
    "stage_selection": 50,
    "cyclist": 498,
    "role": 4
  }
},
{
  "model": "app.stageselectionrider",
  "pk": 292,
  "fields": {
    "stage_selection": 50,
    "cyclist": 501,
    "role": 5
  }
},
{
  "model": "app.stageselectionrider",
  "pk": 293,
  "fields": {
    "stage_selection": 50,
    "cyclist": 506,
    "role": 3
  }
},
{
  "model": "app.stageselectionrider",
  "pk": 294,
  "fields": {
    "stage_selection": 50,
    "cyclist": 492,
    "role": null
  }
},
{
  "model": "app.stageselectionrider",
  "pk": 295,
  "fields": {
    "stage_selection": 50,
    "cyclist": 500,
    "role": 1
  }
},
{
  "model": "app.stageselectionrider",
  "pk": 296,
  "fields": {
    "stage_selection": 50,
    "cyclist": 503,
    "role": 2
  }
},
{
  "model": "app.stageselectionrider",
  "pk": 297,
  "fields": {
    "stage_selection": 51,
    "cyclist": 490,
    "role": 3
  }
},
{
  "model": "app.stageselectionrider",
  "pk": 298,
  "fields": {
    "stage_selection": 51,
    "cyclist": 496,
    "role": null
  }
},
{
  "model": "app.stageselectionrider",
  "pk": 299,
  "fields": {
    "stage_selection": 51,
    "cyclist": 498,
    "role": null
  }
},
{
  "model": "app.stageselectionrider",
  "pk": 300,
  "fields": {
    "stage_selection": 51,
    "cyclist": 500,
    "role": null
  }
},
{
  "model": "app.stageselectionrider",
  "pk": 301,
  "fields": {
    "stage_selection": 51,
    "cyclist": 513,
    "role": 5
  }
},
{
  "model": "app.stageselectionrider",
  "pk": 302,
  "fields": {
    "stage_selection": 51,
    "cyclist": 514,
    "role": 2
  }
},
{
  "model": "app.stageselectionrider",
  "pk": 303,
  "fields": {
    "stage_selection": 51,
    "cyclist": 515,
    "role": 4
  }
},
{
  "model": "app.stageselectionrider",
  "pk": 304,
  "fields": {
    "stage_selection": 51,
    "cyclist": 523,
    "role": 1
  }
},
{
  "model": "app.stageselectionrider",
  "pk": 305,
  "fields": {
    "stage_selection": 52,
    "cyclist": 488,
    "role": 1
  }
},
{
  "model": "app.stageselectionrider",
  "pk": 306,
  "fields": {
    "stage_selection": 52,
    "cyclist": 489,
    "role": 4
  }
},
{
  "model": "app.stageselectionrider",
  "pk": 307,
  "fields": {
    "stage_selection": 52,
    "cyclist": 487,
    "role": 2
  }
},
{
  "model": "app.stageselectionrider",
  "pk": 308,
  "fields": {
    "stage_selection": 52,
    "cyclist": 490,
    "role": 3
  }
},
{
  "model": "app.stageselectionrider",
  "pk": 309,
  "fields": {
    "stage_selection": 52,
    "cyclist": 491,
    "role": 5
  }
},
{
  "model": "app.stageselectionrider",
  "pk": 310,
  "fields": {
    "stage_selection": 52,
    "cyclist": 492,
    "role": null
  }
},
{
  "model": "app.stageselectionrider",
  "pk": 311,
  "fields": {
    "stage_selection": 52,
    "cyclist": 493,
    "role": null
  }
},
{
  "model": "app.stageselectionrider",
  "pk": 312,
  "fields": {
    "stage_selection": 52,
    "cyclist": 494,
    "role": null
  }
},
{
  "model": "app.stageselectionrider",
  "pk": 313,
  "fields": {
    "stage_selection": 53,
    "cyclist": 490,
    "role": null
  }
},
{
  "model": "app.stageselectionrider",
  "pk": 314,
  "fields": {
    "stage_selection": 53,
    "cyclist": 496,
    "role": 5
  }
},
{
  "model": "app.stageselectionrider",
  "pk": 315,
  "fields": {
    "stage_selection": 53,
    "cyclist": 500,
    "role": null
  }
},
{
  "model": "app.stageselectionrider",
  "pk": 316,
  "fields": {
    "stage_selection": 53,
    "cyclist": 513,
    "role": null
  }
},
{
  "model": "app.stageselectionrider",
  "pk": 317,
  "fields": {
    "stage_selection": 53,
    "cyclist": 515,
    "role": 4
  }
},
{
  "model": "app.stageselectionrider",
  "pk": 318,
  "fields": {
    "stage_selection": 53,
    "cyclist": 516,
    "role": 1
  }
},
{
  "model": "app.stageselectionrider",
  "pk": 319,
  "fields": {
    "stage_selection": 53,
    "cyclist": 523,
    "role": 2
  }
},
{
  "model": "app.stageselectionrider",
  "pk": 320,
  "fields": {
    "stage_selection": 53,
    "cyclist": 796,
    "role": 3
  }
},
{
  "model": "app.stageselectionbonus",
  "pk": 1,
  "fields": {
    "stage_selection": 26,
    "bonus": 1,
    "count": 1
  }
},
{
  "model": "app.stageselectionbonus",
  "pk": 2,
  "fields": {
    "stage_selection": 27,
    "bonus": 1,
    "count": 1
  }
},
{
  "model": "app.stageselectionbonus",
  "pk": 3,
  "fields": {
    "stage_selection": 28,
    "bonus": 2,
    "count": 1
  }
},
{
  "model": "app.stageselectionbonus",
  "pk": 4,
  "fields": {
    "stage_selection": 29,
    "bonus": 1,
    "count": 1
  }
},
{
  "model": "app.stageselectionbonus",
  "pk": 5,
  "fields": {
    "stage_selection": 30,
    "bonus": 2,
    "count": 1
  }
},
{
  "model": "app.stageselectionbonus",
  "pk": 6,
  "fields": {
    "stage_selection": 31,
    "bonus": 1,
    "count": 1
  }
},
{
  "model": "app.stageselectionbonus",
  "pk": 7,
  "fields": {
    "stage_selection": 31,
    "bonus": 3,
    "count": 1
  }
},
{
  "model": "app.stageselectionbonus",
  "pk": 8,
  "fields": {
    "stage_selection": 32,
    "bonus": 1,
    "count": 1
  }
},
{
  "model": "app.stageselectionbonus",
  "pk": 9,
  "fields": {
    "stage_selection": 32,
    "bonus": 3,
    "count": 1
  }
},
{
  "model": "app.stageselectionbonus",
  "pk": 10,
  "fields": {
    "stage_selection": 32,
    "bonus": 2,
    "count": 1
  }
},
{
  "model": "app.stageselectionbonus",
  "pk": 11,
  "fields": {
    "stage_selection": 33,
    "bonus": 3,
    "count": 1
  }
},
{
  "model": "app.stageselectionbonus",
  "pk": 12,
  "fields": {
    "stage_selection": 35,
    "bonus": 1,
    "count": 1
  }
},
{
  "model": "app.stageselectionbonus",
  "pk": 13,
  "fields": {
    "stage_selection": 36,
    "bonus": 1,
    "count": 1
  }
},
{
  "model": "app.stageselectionbonus",
  "pk": 14,
  "fields": {
    "stage_selection": 36,
    "bonus": 2,
    "count": 1
  }
},
{
  "model": "app.stageselectionbonus",
  "pk": 15,
  "fields": {
    "stage_selection": 37,
    "bonus": 1,
    "count": 1
  }
},
{
  "model": "app.stageselectionbonus",
  "pk": 16,
  "fields": {
    "stage_selection": 37,
    "bonus": 2,
    "count": 1
  }
},
{
  "model": "app.stageselectionbonus",
  "pk": 18,
  "fields": {
    "stage_selection": 38,
    "bonus": 1,
    "count": 1
  }
},
{
  "model": "app.stageselectionbonus",
  "pk": 19,
  "fields": {
    "stage_selection": 39,
    "bonus": 3,
    "count": 1
  }
},
{
  "model": "app.stageselectionbonus",
  "pk": 20,
  "fields": {
    "stage_selection": 40,
    "bonus": 3,
    "count": 1
  }
},
{
  "model": "app.stageselectionbonus",
  "pk": 21,
  "fields": {
    "stage_selection": 40,
    "bonus": 1,
    "count": 1
  }
},
{
  "model": "app.stageselectionbonus",
  "pk": 22,
  "fields": {
    "stage_selection": 41,
    "bonus": 1,
    "count": 1
  }
},
{
  "model": "app.stageselectionbonus",
  "pk": 23,
  "fields": {
    "stage_selection": 41,
    "bonus": 2,
    "count": 1
  }
},
{
  "model": "app.stageselectionbonus",
  "pk": 24,
  "fields": {
    "stage_selection": 42,
    "bonus": 3,
    "count": 1
  }
},
{
  "model": "app.stageselectionbonus",
  "pk": 25,
  "fields": {
    "stage_selection": 43,
    "bonus": 1,
    "count": 1
  }
},
{
  "model": "app.stageselectionbonus",
  "pk": 26,
  "fields": {
    "stage_selection": 44,
    "bonus": 3,
    "count": 1
  }
},
{
  "model": "app.stageselectionbonus",
  "pk": 27,
  "fields": {
    "stage_selection": 45,
    "bonus": 4,
    "count": 1
  }
},
{
  "model": "sites.site",
  "fields": {
    "domain": "example.com",
    "name": "example.com"
  }
},
{
  "model": "account.emailaddress",
  "pk": 4,
  "fields": {
    "user": [
      "MazzinhoProCycling"
    ],
    "email": "pierre_and@hotmail.com",
    "verified": true,
    "primary": true
  }
},
{
  "model": "account.emailaddress",
  "pk": 5,
  "fields": {
    "user": [
      "TeamDeVince"
    ],
    "email": "vincentmonet93@gmail.com",
    "verified": true,
    "primary": true
  }
},
{
  "model": "account.emailaddress",
  "pk": 6,
  "fields": {
    "user": [
      "lesfoufous"
    ],
    "email": "martin.charrel@gmail.com",
    "verified": true,
    "primary": true
  }
},
{
  "model": "account.emailaddress",
  "pk": 7,
  "fields": {
    "user": [
      "Fourmimen"
    ],
    "email": "thomas.tranier@gmail.com",
    "verified": true,
    "primary": true
  }
},
{
  "model": "account.emailaddress",
  "pk": 8,
  "fields": {
    "user": [
      "Ousmaneballondor"
    ],
    "email": "alexandreallary89@gmail.com",
    "verified": true,
    "primary": true
  }
},
{
  "model": "account.emailaddress",
  "pk": 9,
  "fields": {
    "user": [
      "LaRoueTourne"
    ],
    "email": "delzantmartin@gmail.com",
    "verified": true,
    "primary": true
  }
},
{
  "model": "account.emailaddress",
  "pk": 10,
  "fields": {
    "user": [
      "LaRoueVaTourner"
    ],
    "email": "martindelzant@hotmail.fr",
    "verified": true,
    "primary": true
  }
},
{
  "model": "account.emailaddress",
  "pk": 11,
  "fields": {
    "user": [
      "BboxByTel"
    ],
    "email": "jesuismartin@yopmail.com",
    "verified": true,
    "primary": true
  }
},
{
  "model": "account.emailaddress",
  "pk": 12,
  "fields": {
    "user": [
      "alex"
    ],
    "email": "alexandregodey@gmail.com",
    "verified": true,
    "primary": true
  }
},
{
  "model": "account.emailaddress",
  "pk": 13,
  "fields": {
    "user": [
      "pat0vél0"
    ],
    "email": "patosse@free.fr",
    "verified": true,
    "primary": true
  }
},
{
  "model": "account.emailaddress",
  "pk": 14,
  "fields": {
    "user": [
      "alatraine"
    ],
    "email": "brunomaglione@hotmail.com",
    "verified": true,
    "primary": true
  }
},
{
  "model": "account.emailaddress",
  "pk": 15,
  "fields": {
    "user": [
      "alatraine2"
    ],
    "email": "bruno.maglione@aliceadsl.fr",
    "verified": true,
    "primary": true
  }
},
{
  "model": "account.emailaddress",
  "pk": 16,
  "fields": {
    "user": [
      "Banesto"
    ],
    "email": "toumi.msh@gmail.com",
    "verified": true,
    "primary": true
  }
},
{
  "model": "account.emailaddress",
  "pk": 17,
  "fields": {
    "user": [
      "Borislav"
    ],
    "email": "boris.gaertner@gmail.com",
    "verified": true,
    "primary": true
  }
},
{
  "model": "account.emailaddress",
  "pk": 18,
  "fields": {
    "user": [
      "SuperTeam"
    ],
    "email": "pavo_go_95@yahoo.fr",
    "verified": true,
    "primary": true
  }
},
{
  "model": "account.emailaddress",
  "pk": 19,
  "fields": {
    "user": [
      "Lottovizzavona"
    ],
    "email": "clemferri83@gmail.com",
    "verified": true,
    "primary": true
  }
},
{
  "model": "account.emailaddress",
  "pk": 20,
  "fields": {
    "user": [
      "Pogabus"
    ],
    "email": "julian.touati@gmail.com",
    "verified": true,
    "primary": true
  }
},
{
  "model": "account.emailaddress",
  "pk": 21,
  "fields": {
    "user": [
      "MaxVerstappen"
    ],
    "email": "maxime@dacker.co",
    "verified": true,
    "primary": true
  }
},
{
  "model": "account.emailaddress",
  "pk": 22,
  "fields": {
    "user": [
      "LeCyclix"
    ],
    "email": "ryan@dacker.co",
    "verified": true,
    "primary": true
  }
},
{
  "model": "account.emailaddress",
  "pk": 23,
  "fields": {
    "user": [
      "Hyrox4ever"
    ],
    "email": "adele@dacker.co",
    "verified": true,
    "primary": true
  }
},
{
  "model": "admin.logentry",
  "pk": 1,
  "fields": {
    "action_time": "2025-06-25T16:48:01.157Z",
    "user": [
      "admin"
    ],
    "content_type": [
      "account",
      "emailaddress"
    ],
    "object_id": "2",
    "object_repr": "vincent+3@dacker.co",
    "action_flag": 2,
    "change_message": "[{\"changed\": {\"fields\": [\"Verified\"]}}]"
  }
},
{
  "model": "admin.logentry",
  "pk": 2,
  "fields": {
    "action_time": "2025-06-26T07:33:50.377Z",
    "user": [
      "admin"
    ],
    "content_type": [
      "account",
      "emailaddress"
    ],
    "object_id": "3",
    "object_repr": "pierre_and@hotmail.com",
    "action_flag": 2,
    "change_message": "[{\"changed\": {\"fields\": [\"Verified\"]}}]"
  }
},
{
  "model": "admin.logentry",
  "pk": 3,
  "fields": {
    "action_time": "2025-06-26T12:14:03.252Z",
    "user": [
      "admin"
    ],
    "content_type": [
      "app",
      "role"
    ],
    "object_id": "1",
    "object_repr": "leader",
    "action_flag": 1,
    "change_message": "[{\"added\": {}}]"
  }
},
{
  "model": "admin.logentry",
  "pk": 4,
  "fields": {
    "action_time": "2025-06-26T12:14:15.527Z",
    "user": [
      "admin"
    ],
    "content_type": [
      "app",
      "role"
    ],
    "object_id": "2",
    "object_repr": "sprinter",
    "action_flag": 1,
    "change_message": "[{\"added\": {}}]"
  }
},
{
  "model": "admin.logentry",
  "pk": 5,
  "fields": {
    "action_time": "2025-06-26T12:14:18.496Z",
    "user": [
      "admin"
    ],
    "content_type": [
      "app",
      "role"
    ],
    "object_id": "2",
    "object_repr": "sprinter",
    "action_flag": 2,
    "change_message": "[]"
  }
},
{
  "model": "admin.logentry",
  "pk": 6,
  "fields": {
    "action_time": "2025-06-26T12:14:29.507Z",
    "user": [
      "admin"
    ],
    "content_type": [
      "app",
      "role"
    ],
    "object_id": "3",
    "object_repr": "grimpeur",
    "action_flag": 1,
    "change_message": "[{\"added\": {}}]"
  }
},
{
  "model": "admin.logentry",
  "pk": 7,
  "fields": {
    "action_time": "2025-06-26T12:14:46.758Z",
    "user": [
      "admin"
    ],
    "content_type": [
      "app",
      "bonusconfig"
    ],
    "object_id": "1",
    "object_repr": "Leader (Tour de Test 2024)",
    "action_flag": 1,
    "change_message": "[{\"added\": {}}]"
  }
},
{
  "model": "admin.logentry",
  "pk": 8,
  "fields": {
    "action_time": "2025-06-26T13:53:40.961Z",
    "user": [
      "admin"
    ],
    "content_type": [
      "app",
      "role"
    ],
    "object_id": "3",
    "object_repr": "Grimpeur",
    "action_flag": 2,
    "change_message": "[{\"changed\": {\"fields\": [\"Label\"]}}]"
  }
},
{
  "model": "admin.logentry",
  "pk": 9,
  "fields": {
    "action_time": "2025-06-26T13:53:52.157Z",
    "user": [
      "admin"
    ],
    "content_type": [
      "app",
      "role"
    ],
    "object_id": "2",
    "object_repr": "Sprinteur",
    "action_flag": 2,
    "change_message": "[{\"changed\": {\"fields\": [\"Name\", \"Label\"]}}]"
  }
},
{
  "model": "admin.logentry",
  "pk": 10,
  "fields": {
    "action_time": "2025-06-26T13:53:57.707Z",
    "user": [
      "admin"
    ],
    "content_type": [
      "app",
      "role"
    ],
    "object_id": "1",
    "object_repr": "Leader",
    "action_flag": 2,
    "change_message": "[{\"changed\": {\"fields\": [\"Label\"]}}]"
  }
},
{
  "model": "admin.logentry",
  "pk": 11,
  "fields": {
    "action_time": "2025-06-26T14:48:54.007Z",
    "user": [
      "admin"
    ],
    "content_type": [
      "app",
      "bonusconfig"
    ],
    "object_id": "1",
    "object_repr": "LeaderBoost (Tour de Test 2024)",
    "action_flag": 2,
    "change_message": "[{\"changed\": {\"fields\": [\"Name\"]}}]"
  }
},
{
  "model": "admin.logentry",
  "pk": 12,
  "fields": {
    "action_time": "2025-06-26T14:58:18.217Z",
    "user": [
      "admin"
    ],
    "content_type": [
      "app",
      "bonusconfig"
    ],
    "object_id": "2",
    "object_repr": "Combatif (Tour de Test 2024)",
    "action_flag": 1,
    "change_message": "[{\"added\": {}}]"
  }
},
{
  "model": "admin.logentry",
  "pk": 13,
  "fields": {
    "action_time": "2025-06-26T14:58:27.295Z",
    "user": [
      "admin"
    ],
    "content_type": [
      "app",
      "bonusconfig"
    ],
    "object_id": "3",
    "object_repr": "Echappé (Tour de Test 2024)",
    "action_flag": 1,
    "change_message": "[{\"added\": {}}]"
  }
},
{
  "model": "admin.logentry",
  "pk": 14,
  "fields": {
    "action_time": "2025-06-27T11:12:21.799Z",
    "user": [
      "admin"
    ],
    "content_type": [
      "app",
      "bonusconfig"
    ],
    "object_id": "4",
    "object_repr": "Froome Froome (Tour de Test 2024)",
    "action_flag": 1,
    "change_message": "[{\"added\": {}}]"
  }
},
{
  "model": "admin.logentry",
  "pk": 15,
  "fields": {
    "action_time": "2025-06-27T11:12:45.600Z",
    "user": [
      "admin"
    ],
    "content_type": [
      "app",
      "bonusconfig"
    ],
    "object_id": "5",
    "object_repr": "Tonton Virenque (Tour de Test 2024)",
    "action_flag": 1,
    "change_message": "[{\"added\": {}}]"
  }
},
{
  "model": "admin.logentry",
  "pk": 16,
  "fields": {
    "action_time": "2025-06-27T11:13:20.978Z",
    "user": [
      "admin"
    ],
    "content_type": [
      "app",
      "bonusconfig"
    ],
    "object_id": "6",
    "object_repr": "Chute à l'arrière du peloton !!! (Tour de Test 2024)",
    "action_flag": 1,
    "change_message": "[{\"added\": {}}]"
  }
},
{
  "model": "admin.logentry",
  "pk": 17,
  "fields": {
    "action_time": "2025-06-27T11:13:37.163Z",
    "user": [
      "admin"
    ],
    "content_type": [
      "app",
      "bonusconfig"
    ],
    "object_id": "6",
    "object_repr": "Chute à l'arrière du peloton !!! (Tour de Test 2024)",
    "action_flag": 2,
    "change_message": "[]"
  }
},
{
  "model": "admin.logentry",
  "pk": 18,
  "fields": {
    "action_time": "2025-06-27T11:14:27.806Z",
    "user": [
      "admin"
    ],
    "content_type": [
      "app",
      "role"
    ],
    "object_id": "4",
    "object_repr": "demi-leader, demi-portion de points",
    "action_flag": 1,
    "change_message": "[{\"added\": {}}]"
  }
},
{
  "model": "admin.logentry",
  "pk": 19,
  "fields": {
    "action_time": "2025-06-27T11:15:17.445Z",
    "user": [
      "admin"
    ],
    "content_type": [
      "app",
      "role"
    ],
    "object_id": "5",
    "object_repr": "Tout pour l'étape, rien pour le reste",
    "action_flag": 1,
    "change_message": "[{\"added\": {}}]"
  }
},
{
  "model": "admin.logentry",
  "pk": 20,
  "fields": {
    "action_time": "2025-06-27T15:41:51.229Z",
    "user": [
      "admin"
    ],
    "content_type": [
      "app",
      "role"
    ],
    "object_id": "4",
    "object_repr": "Co-leader",
    "action_flag": 2,
    "change_message": "[{\"changed\": {\"fields\": [\"Name\", \"Label\"]}}]"
  }
},
{
  "model": "admin.logentry",
  "pk": 21,
  "fields": {
    "action_time": "2025-06-27T15:42:14.661Z",
    "user": [
      "admin"
    ],
    "content_type": [
      "app",
      "role"
    ],
    "object_id": "5",
    "object_repr": "Chasseur d'étape",
    "action_flag": 2,
    "change_message": "[{\"changed\": {\"fields\": [\"Name\", \"Label\"]}}]"
  }
},
{
  "model": "admin.logentry",
  "pk": 22,
  "fields": {
    "action_time": "2025-06-27T16:39:10.224Z",
    "user": [
      "admin"
    ],
    "content_type": [
      "app",
      "competition"
    ],
    "object_id": "16",
    "object_repr": "Tour de France 2025",
    "action_flag": 1,
    "change_message": "[{\"added\": {}}]"
  }
},
{
  "model": "admin.logentry",
  "pk": 23,
  "fields": {
    "action_time": "2025-06-27T16:43:29.103Z",
    "user": [
      "admin"
    ],
    "content_type": [
      "account",
      "emailaddress"
    ],
    "object_id": "4",
    "object_repr": "pierre_and@hotmail.com",
    "action_flag": 2,
    "change_message": "[{\"changed\": {\"fields\": [\"Verified\"]}}]"
  }
},
{
  "model": "admin.logentry",
  "pk": 24,
  "fields": {
    "action_time": "2025-06-27T16:53:51.097Z",
    "user": [
      "admin"
    ],
    "content_type": [
      "account",
      "emailaddress"
    ],
    "object_id": "5",
    "object_repr": "vincentmonet93@gmail.com",
    "action_flag": 2,
    "change_message": "[{\"changed\": {\"fields\": [\"Verified\"]}}]"
  }
},
{
  "model": "admin.logentry",
  "pk": 25,
  "fields": {
    "action_time": "2025-06-27T16:56:22.497Z",
    "user": [
      "admin"
    ],
    "content_type": [
      "auth",
      "user"
    ],
    "object_id": "72",
    "object_repr": "MazzinhoProCycling",
    "action_flag": 2,
    "change_message": "[{\"changed\": {\"fields\": [\"Username\"]}}]"
  }
},
{
  "model": "admin.logentry",
  "pk": 26,
  "fields": {
    "action_time": "2025-06-27T17:09:35.282Z",
    "user": [
      "admin"
    ],
    "content_type": [
      "app",
      "stage"
    ],
    "object_id": "274",
    "object_repr": "Lille Métropole - Lille Métropole (Tour de France 2025)",
    "action_flag": 1,
    "change_message": "[{\"added\": {}}]"
  }
},
{
  "model": "admin.logentry",
  "pk": 27,
  "fields": {
    "action_time": "2025-06-27T17:09:55.683Z",
    "user": [
      "admin"
    ],
    "content_type": [
      "app",
      "stage"
    ],
    "object_id": "275",
    "object_repr": "Lauwin-Planque - Boulogne-sur-Mer (Tour de France 2025)",
    "action_flag": 1,
    "change_message": "[{\"added\": {}}]"
  }
},
{
  "model": "admin.logentry",
  "pk": 28,
  "fields": {
    "action_time": "2025-06-27T17:10:40.124Z",
    "user": [
      "admin"
    ],
    "content_type": [
      "app",
      "stage"
    ],
    "object_id": "276",
    "object_repr": "Valenciennes - Dunkerque (Tour de France 2025)",
    "action_flag": 1,
    "change_message": "[{\"added\": {}}]"
  }
},
{
  "model": "admin.logentry",
  "pk": 29,
  "fields": {
    "action_time": "2025-06-27T17:11:03.827Z",
    "user": [
      "admin"
    ],
    "content_type": [
      "app",
      "stage"
    ],
    "object_id": "277",
    "object_repr": "FIN (Tour de France 2025)",
    "action_flag": 1,
    "change_message": "[{\"added\": {}}]"
  }
},
{
  "model": "admin.logentry",
  "pk": 30,
  "fields": {
    "action_time": "2025-06-27T17:21:08.231Z",
    "user": [
      "admin"
    ],
    "content_type": [
      "app",
      "role"
    ],
    "object_id": "4",
    "object_repr": "Co-leader",
    "action_flag": 2,
    "change_message": "[{\"changed\": {\"fields\": [\"Order\"]}}]"
  }
},
{
  "model": "admin.logentry",
  "pk": 31,
  "fields": {
    "action_time": "2025-06-27T17:21:15.491Z",
    "user": [
      "admin"
    ],
    "content_type": [
      "app",
      "role"
    ],
    "object_id": "2",
    "object_repr": "Sprinteur",
    "action_flag": 2,
    "change_message": "[{\"changed\": {\"fields\": [\"Order\"]}}]"
  }
},
{
  "model": "admin.logentry",
  "pk": 32,
  "fields": {
    "action_time": "2025-06-27T17:21:26.521Z",
    "user": [
      "admin"
    ],
    "content_type": [
      "app",
      "role"
    ],
    "object_id": "3",
    "object_repr": "Grimpeur",
    "action_flag": 2,
    "change_message": "[{\"changed\": {\"fields\": [\"Order\"]}}]"
  }
},
{
  "model": "admin.logentry",
  "pk": 33,
  "fields": {
    "action_time": "2025-06-27T17:21:33.495Z",
    "user": [
      "admin"
    ],
    "content_type": [
      "app",
      "role"
    ],
    "object_id": "5",
    "object_repr": "Chasseur d'étape",
    "action_flag": 2,
    "change_message": "[{\"changed\": {\"fields\": [\"Order\"]}}]"
  }
},
{
  "model": "admin.logentry",
  "pk": 34,
  "fields": {
    "action_time": "2025-06-28T08:23:42.860Z",
    "user": [
      "admin"
    ],
    "content_type": [
      "account",
      "emailaddress"
    ],
    "object_id": "8",
    "object_repr": "alexandreallary89@gmail.com",
    "action_flag": 2,
    "change_message": "[{\"changed\": {\"fields\": [\"Verified\"]}}]"
  }
},
{
  "model": "admin.logentry",
  "pk": 35,
  "fields": {
    "action_time": "2025-06-28T08:23:58.624Z",
    "user": [
      "admin"
    ],
    "content_type": [
      "account",
      "emailaddress"
    ],
    "object_id": "7",
    "object_repr": "thomas.tranier@gmail.com",
    "action_flag": 2,
    "change_message": "[{\"changed\": {\"fields\": [\"Verified\"]}}]"
  }
},
{
  "model": "admin.logentry",
  "pk": 36,
  "fields": {
    "action_time": "2025-06-28T08:24:14.593Z",
    "user": [
      "admin"
    ],
    "content_type": [
      "account",
      "emailaddress"
    ],
    "object_id": "6",
    "object_repr": "martin.charrel@gmail.com",
    "action_flag": 2,
    "change_message": "[{\"changed\": {\"fields\": [\"Verified\"]}}]"
  }
},
{
  "model": "admin.logentry",
  "pk": 37,
  "fields": {
    "action_time": "2025-06-28T13:19:54.141Z",
    "user": [
      "admin"
    ],
    "content_type": [
      "account",
      "emailaddress"
    ],
    "object_id": "9",
    "object_repr": "delzantmartin@gmail.com",
    "action_flag": 2,
    "change_message": "[{\"changed\": {\"fields\": [\"Verified\"]}}]"
  }
},
{
  "model": "admin.logentry",
  "pk": 38,
  "fields": {
    "action_time": "2025-06-28T13:36:38.601Z",
    "user": [
      "admin"
    ],
    "content_type": [
      "account",
      "emailaddress"
    ],
    "object_id": "10",
    "object_repr": "martindelzant@hotmail.fr",
    "action_flag": 2,
    "change_message": "[{\"changed\": {\"fields\": [\"Verified\"]}}]"
  }
},
{
  "model": "admin.logentry",
  "pk": 39,
  "fields": {
    "action_time": "2025-06-30T08:19:15.797Z",
    "user": [
      "admin"
    ],
    "content_type": [
      "account",
      "emailaddress"
    ],
    "object_id": "11",
    "object_repr": "jesuismartin@yopmail.com",
    "action_flag": 2,
    "change_message": "[{\"changed\": {\"fields\": [\"Verified\"]}}]"
  }
},
{
  "model": "admin.logentry",
  "pk": 40,
  "fields": {
    "action_time": "2025-06-30T08:19:32.223Z",
    "user": [
      "admin"
    ],
    "content_type": [
      "account",
      "emailaddress"
    ],
    "object_id": "12",
    "object_repr": "alexandregodey@gmail.com",
    "action_flag": 2,
    "change_message": "[{\"changed\": {\"fields\": [\"Verified\"]}}]"
  }
},
{
  "model": "admin.logentry",
  "pk": 41,
  "fields": {
    "action_time": "2025-06-30T08:30:53.581Z",
    "user": [
      "admin"
    ],
    "content_type": [
      "account",
      "emailaddress"
    ],
    "object_id": "13",
    "object_repr": "patosse@free.fr",
    "action_flag": 2,
    "change_message": "[{\"changed\": {\"fields\": [\"Verified\"]}}]"
  }
},
{
  "model": "admin.logentry",
  "pk": 42,
  "fields": {
    "action_time": "2025-06-30T08:53:44.148Z",
    "user": [
      "admin"
    ],
    "content_type": [
      "account",
      "emailaddress"
    ],
    "object_id": "15",
    "object_repr": "bruno.maglione@aliceadsl.fr",
    "action_flag": 2,
    "change_message": "[{\"changed\": {\"fields\": [\"Verified\"]}}]"
  }
},
{
  "model": "admin.logentry",
  "pk": 43,
  "fields": {
    "action_time": "2025-06-30T08:54:00.295Z",
    "user": [
      "admin"
    ],
    "content_type": [
      "account",
      "emailaddress"
    ],
    "object_id": "14",
    "object_repr": "brunomaglione@hotmail.com",
    "action_flag": 2,
    "change_message": "[{\"changed\": {\"fields\": [\"Verified\"]}}]"
  }
},
{
  "model": "admin.logentry",
  "pk": 44,
  "fields": {
    "action_time": "2025-06-30T09:20:18.172Z",
    "user": [
      "admin"
    ],
    "content_type": [
      "account",
      "emailaddress"
    ],
    "object_id": "16",
    "object_repr": "toumi.msh@gmail.com",
    "action_flag": 2,
    "change_message": "[{\"changed\": {\"fields\": [\"Verified\"]}}]"
  }
},
{
  "model": "admin.logentry",
  "pk": 45,
  "fields": {
    "action_time": "2025-06-30T15:23:38.975Z",
    "user": [
      "admin"
    ],
    "content_type": [
      "app",
      "cyclist"
    ],
    "object_id": "801",
    "object_repr": "BARTHE Cyril (Groupama - FDJ)",
    "action_flag": 1,
    "change_message": "[{\"added\": {}}]"
  }
},
{
  "model": "admin.logentry",
  "pk": 46,
  "fields": {
    "action_time": "2025-06-30T15:24:20.244Z",
    "user": [
      "admin"
    ],
    "content_type": [
      "app",
      "cyclist"
    ],
    "object_id": "802",
    "object_repr": "RUSSO Clément (Groupama - FDJ)",
    "action_flag": 1,
    "change_message": "[{\"added\": {}}]"
  }
},
{
  "model": "admin.logentry",
  "pk": 47,
  "fields": {
    "action_time": "2025-06-30T15:25:09.851Z",
    "user": [
      "admin"
    ],
    "content_type": [
      "app",
      "cyclist"
    ],
    "object_id": "803",
    "object_repr": "TOUZE Damien (Cofidis)",
    "action_flag": 1,
    "change_message": "[{\"added\": {}}]"
  }
},
{
  "model": "admin.logentry",
  "pk": 48,
  "fields": {
    "action_time": "2025-06-30T15:25:46.538Z",
    "user": [
      "admin"
    ],
    "content_type": [
      "app",
      "cyclist"
    ],
    "object_id": "804",
    "object_repr": "KWIATKOWSKI Michał (INEOS Grenadiers)",
    "action_flag": 1,
    "change_message": "[{\"added\": {}}]"
  }
},
{
  "model": "admin.logentry",
  "pk": 49,
  "fields": {
    "action_time": "2025-06-30T15:26:33.374Z",
    "user": [
      "admin"
    ],
    "content_type": [
      "app",
      "cyclist"
    ],
    "object_id": "805",
    "object_repr": "BARTA Will (Movistar Team)",
    "action_flag": 1,
    "change_message": "[{\"added\": {}}]"
  }
},
{
  "model": "admin.logentry",
  "pk": 50,
  "fields": {
    "action_time": "2025-06-30T15:27:15.687Z",
    "user": [
      "admin"
    ],
    "content_type": [
      "app",
      "cyclist"
    ],
    "object_id": "806",
    "object_repr": "NABERMAN Tim (Team Picnic PostNL)",
    "action_flag": 1,
    "change_message": "[{\"added\": {}}]"
  }
},
{
  "model": "admin.logentry",
  "pk": 51,
  "fields": {
    "action_time": "2025-06-30T15:27:43.040Z",
    "user": [
      "admin"
    ],
    "content_type": [
      "app",
      "cyclist"
    ],
    "object_id": "807",
    "object_repr": "MÄRKL Niklas (Team Picnic PostNL)",
    "action_flag": 1,
    "change_message": "[{\"added\": {}}]"
  }
},
{
  "model": "admin.logentry",
  "pk": 52,
  "fields": {
    "action_time": "2025-06-30T15:48:16.048Z",
    "user": [
      "admin"
    ],
    "content_type": [
      "app",
      "cyclist"
    ],
    "object_id": "808",
    "object_repr": "LIENHARD Fabian (Tudor Pro Cycling Team)",
    "action_flag": 1,
    "change_message": "[{\"added\": {}}]"
  }
},
{
  "model": "admin.logentry",
  "pk": 53,
  "fields": {
    "action_time": "2025-06-30T16:19:39.689Z",
    "user": [
      "admin"
    ],
    "content_type": [
      "account",
      "emailaddress"
    ],
    "object_id": "17",
    "object_repr": "boris.gaertner@gmail.com",
    "action_flag": 2,
    "change_message": "[{\"changed\": {\"fields\": [\"Verified\"]}}]"
  }
},
{
  "model": "admin.logentry",
  "pk": 54,
  "fields": {
    "action_time": "2025-07-01T11:26:06.656Z",
    "user": [
      "admin"
    ],
    "content_type": [
      "account",
      "emailaddress"
    ],
    "object_id": "18",
    "object_repr": "pavo_go_95@yahoo.fr",
    "action_flag": 2,
    "change_message": "[{\"changed\": {\"fields\": [\"Verified\"]}}]"
  }
},
{
  "model": "admin.logentry",
  "pk": 55,
  "fields": {
    "action_time": "2025-07-01T11:26:47.917Z",
    "user": [
      "admin"
    ],
    "content_type": [
      "auth",
      "user"
    ],
    "object_id": "73",
    "object_repr": "TeamDeVince",
    "action_flag": 2,
    "change_message": "[{\"changed\": {\"fields\": [\"Username\"]}}]"
  }
},
{
  "model": "admin.logentry",
  "pk": 56,
  "fields": {
    "action_time": "2025-07-01T13:33:44.281Z",
    "user": [
      "admin"
    ],
    "content_type": [
      "account",
      "emailaddress"
    ],
    "object_id": "19",
    "object_repr": "clemferri83@gmail.com",
    "action_flag": 2,
    "change_message": "[{\"changed\": {\"fields\": [\"Verified\"]}}]"
  }
},
{
  "model": "admin.logentry",
  "pk": 57,
  "fields": {
    "action_time": "2025-07-01T16:15:31.613Z",
    "user": [
      "admin"
    ],
    "content_type": [
      "account",
      "emailaddress"
    ],
    "object_id": "20",
    "object_repr": "julian.touati@gmail.com",
    "action_flag": 2,
    "change_message": "[{\"changed\": {\"fields\": [\"Verified\"]}}]"
  }
},
{
  "model": "admin.logentry",
  "pk": 58,
  "fields": {
    "action_time": "2025-07-02T11:08:30.214Z",
    "user": [
      "admin"
    ],
    "content_type": [
      "account",
      "emailaddress"
    ],
    "object_id": "21",
    "object_repr": "maxime@dacker.co",
    "action_flag": 2,
    "change_message": "[{\"changed\": {\"fields\": [\"Verified\"]}}]"
  }
},
{
  "model": "admin.logentry",
  "pk": 59,
  "fields": {
    "action_time": "2025-07-02T11:08:32.303Z",
    "user": [
      "admin"
    ],
    "content_type": [
      "account",
      "emailaddress"
    ],
    "object_id": "22",
    "object_repr": "ryan@dacker.co",
    "action_flag": 2,
    "change_message": "[{\"changed\": {\"fields\": [\"Verified\"]}}]"
  }
},
{
  "model": "admin.logentry",
  "pk": 60,
  "fields": {
    "action_time": "2025-07-02T11:16:21.386Z",
    "user": [
      "admin"
    ],
    "content_type": [
      "auth",
      "user"
    ],
    "object_id": "89",
    "object_repr": "MaxVerstappen",
    "action_flag": 2,
    "change_message": "[{\"changed\": {\"fields\": [\"Username\"]}}]"
  }
},
{
  "model": "admin.logentry",
  "pk": 61,
  "fields": {
    "action_time": "2025-07-02T12:06:53.838Z",
    "user": [
      "admin"
    ],
    "content_type": [
      "account",
      "emailaddress"
    ],
    "object_id": "23",
    "object_repr": "adele@dacker.co",
    "action_flag": 2,
    "change_message": "[{\"changed\": {\"fields\": [\"Verified\"]}}]"
  }
}
]
